No,Name,Count
1,,17
2,CARD MEMORY,1
3,INSULATOR,4
4,TRS 2-1/2 R,1
5,OF-6B50,5
6,10-33VDC(8),1
7,3VE3000-8MA00,1
8,3VT5200-0DS00,1
9,70-0-1175,1
10,RS715V0.7A,1
11,3A7.2KVp.02911915.3  [ZN],1
12,MG CL-70132-CH30 {9},1
13,PROCESSOR,1
14,OUTPUT UNIT MELSEC QY40P,1
15,ACCURAY [ZN],1
16,RESISTOR''77869X,1
17,SIEMENS [8],2
18,EP14,1
19,MS4SA-AP,1
20,SMC  [8],1
21,128950-001,1
22,S-N 95,1
23,MG25N2C,1
24,RELIANCE ELECTRI {ZN,2
25,5-24 VDC,1
26,TDMB20,1
27,45EG 10AL CX504,1
28,CPU MODULE 314C-2DP,1
29,220 VAC.,1
30,MY4,2
31,PULSE AMLIFIER CARD,1
32,TTF401398AH200,1
33,46HD-10,1
34,DIODE'TOSHIBA'100L6PA41,1
35,AXR484NK2S635  ,1
36,100 V,5
37,EARTH LEAKAGE,1
38,MODULE CPU,1
39,PLUG,1
40,CARDdriveCP123'YASKAWA'46S028920020 [ZN],1
41,GOULD SHAWMUT  [5],1
42,14152(14252),1
43,0.43-0.67A,1
44,25RIA60,1
45, [8],5
46,0805002S37,1
47,NBR,1
48,SF400U27 1E,1
49,PLVS700,1
50,OMRON (Japan only),1
51,20 W,1
52,706364-11RBA,1
53,FUSEbattCHARGERsub''HPT60,1
54,CARD BOU8,1
55,185-240 MM2,1
56,4 A,2
57,3RT1045-1APOO,1
58,CARD MOTOR POTENTIOMETER UNIT{ZN},1
59,VKM-3209-UO-R20,1
60,3000 A,1
61,CAPACITOR'CLEANERoy'P/N532460EMC3,1
62,MG L-70317-A,1
63,55KW,1
64,MSO-KR11,2
65,3TF4822-OXPO,1
66,MG CL-70142-AH50 {9},1
67,277 VAC,2
68,CR2LS,1
69,DM900NY [ZN,1
70,0-100,1
71,SIEMEN PB11,1
72, 1NO-1NC,1
73,1/2 W (100 PC/PA,1
74,FWP-700,1
75,KASUGA,1
76,AR30PR-211B,1
77,90 KW,1
78,WLG2,1
79,MATHU.,1
80,"170M1568 ""BUSSMANN""",1
81,SWITCHINGregulator''ES1024,1
82,SIEMENS(àªç´),1
83,BALL SCREW ASSEMBLY C23257,1
84,TTF401392AH80,1
85,DP209WR,1
86,BUSSM(8),1
87,AMPLIFIER ACHSE XLP-T,1
88,HQP-1020-1P-20A  [5],1
89,1KV3150A   [ZN],1
90,6RB21012AZ,1
91,KS400,1
92,HW,1
93,FCF2-20,1
94,POWER   {ZN},1
95,25 A,4
96,PB14 [ZN],1
97, [N],1
98,IDEC,12
99,EH80 AC1,1
100,220VAC.,1
101,18x17 MM.100KA,1
102,DVF-11V,8
103,F/PM.3,1
104,C95,1
105,PSU,31
106,30,1
107,CARD ANALOG OUTPUT,1
108,G3F-203 SN,1
109,CONTROLLER COROMAX,1
110,SPAD346C3,1
111,670 A,1
112,1.5 M,1
113,0-20,1
114,ETX001590,1
115,CONTROLLER,1
116,I/F CARD,1
117,PHASE CONTROL PCB,1
118,NF50-HB,1
119,SZT5,1
120,TTC6414191AH20,1
121,6ES7212-1BB23-OXBO,1
122,UP3AS31AB,1
123,(HEAD) ZCK-D06,1
124,IF2004-FRKG,1
125,SANREX,1
126,WireS:240mm,1
127,"SOLID STATE SW ""SMC"" D-J59W",1
128,MAGNETIC CONTAC 1SBL371001R8011-T1,1
129,3VT7100-0BR00,1
130,120 KW,1
131,JAMSC-IF60V,1
132,L-18242-C,1
133,110,1
134,C14326 [SD,1
135,INDUCTIVE APPROACH SWITCH,1
136,TR-11-1E 0.2 KW  ,1
137,KBS1HM,1
138,ATMC102XL,1
139,MAGNETIC CONTAC 1SFL431001R8011-T1,1
140,PM16(5),14
141,R4/47 OHM 50W,1
142,N105CH16,1
143,POWER BLOCK 6SL3353-1AG41-4DA1,1
144,PROCESS CONTROL.WITH PB DP,1
145,WL CA 12,1
146,ENE1814-0,1
147,CARD DRIVE,1
148,CARD dcs MTU' ABB' TU810V1,1
149,15AZ15 GWB,1
150,CARDdcsSUPPLY'HONEYWELL'PS3LE24AFC,1
151,DIODE''520007    [ZN],1
152,FUJI  *UR,1
153,E3S-DS10E4,1
154,SCHLEICHER,1
155,1.6 A ,1
156,MC-2006,1
157, PB8 (ZN),1
158,WD30-SE01,1
159,22 A,1
160, PB15 [8],1
161,POWERSUPPLYdcs'YOKOGAWA'SD822  [5],1
162,AF210-30-11 (F5),1
163,RA-6E3,1
164,3GA2122,1
165,100 VAC,1
166,700VAC,1
167,CURRENT KS0630,1
168,A4J-60,1
169,6DD16110AE0,2
170,3TF-5022-OXDO,1
171,METSO  [8],2
172,CONVERTER 'WISCO'SC95,1
173,TT57016KOF,1
174,HPI-T/400,1
175,30 A,6
176,5SX4104-7,2
177,STROMBE.,1
178,CARD QCS FLASHHV,1
179,1.1164 A,1
180,QCS OM EMR RELAY,1
181,P.191498    [ZN],1
182,MODULE,11
183,E2F-X5Y1,1
184,PAB700,1
185,CI854AK01,1
186,P637788,1
187,EMAG,1
188,A21956,1
189,PSI630 (COS2),1
190,JBAMC0111,1
191,SPTU 240 R2RS 941 021-AA,1
192,SKR 141F17,1
193,LC1-D09 D7,1
194,BZE6-2RN,1
195,45-66A,1
196,MONITOR,1
197,NF63-HW,1
198,LS100/L144,1
199,16PIN [4PC,1
200,DAITO  [ZN],1
201,CG75,1
202,P135 TRION CAN I/O UNIT,1
203,DIGITAL OUTPUT MODULE,2
204,TEMPOSONIC ENCODER RHM0050,1
205,YOKOGAWA  [8],1
206,TR-11-1E 0.75 KW,1
207,6ES5 465-7LA13,1
208,VIB,1
209,PROTECTIONtransient''EMR8,1
210,METSO (8PCS/SET),1
211,TH-K 220KP,3
212,THYRISTORdrive'YASKAWA'SCR000253,1
213,4109,1
214,SIEMENS  [SD],1
215,TOSHIBA,4
216,3NE3338-8  [5],1
217,PANEL KP700,1
218,825 384 6,1
219,CALY (100PC/PA,1
220,ELEC ,1
221,60019061,1
222,MP Breaker MCH-M,1
223,CURRENT KSW520,1
224,"170M3817 ""BUSSMANN""",1
225,TR-20-1E 11 KW  ,1
226,DIGITAL OUTPUT  6ES7322-1BH01-0AA0 PRO,1
227,COMP. R-407C-35200,1
228,1NC,1
229,D200532,1
230,CMT008,1
231,{8},14
232,12-18A(5),1
233,AIP502,1
234,086318-002,1
235,2 P,1
236,INPUT UNIT MELSEC QX41,1
237,{ZN],1
238,LM80B/160V ,1
239,SAMI GS009,1
240,'EM1REL/KSR12  ,1
241,RH18/15,1
242,"6"" X 3/16"" EMOIII ",1
243,ZX-EDA11,1
244,3TX7004-1LF00,1
245,AAI543-H50,1
246,CONTACTOR LC1-D25F7C 110V,1
247,PROCESSOR 'ALLEN BRADLEY' 3.5 MB {ZN},1
248,3.6/7.2KV,1
249,3RT1024-1AP00 5.5 KW/400V,1
250,JAMSC-B2604V,1
251,6ES7390-1AE80-OAAO,1
252,PROXIMITOR'BENTLY'330180 50 00,1
253,861008455-900  [SD],1
254,3VT5200-0DT00,1
255,NF1600SS [ZN],1
256,4606N,1
257,FLOWswitch'SIKA',1
258,DPT643-17F,1
259,PKNM-20/IN/C/003,1
260,3VF6111-6BM24-0AB2,1
261,PROFIBUS RPBA-01,1
262,1.5mDUPLEX,1
263,1.4-2.2A,1
264,LPJ-25SP,1
265,NDBU95 BRANCHING UNIT,1
266,L-18482-B PM3,1
267,EXTENSION EM221,1
268,IGNITOR,1
269,IHI,1
270,0-750,1
271,Regenerative Dc Converter 1336RVB048{ZN},1
272,480 VAC,1
273,30A1Ponfuse  [5],1
274,OUT4-20 MA,1
275,1KOHM,1
276,220VAC NO WINDER C,1
277,LUG,2
278,CARD-AO,1
279,33000MF PB.8,1
280,MAGNETIC CONTAC 1SBL411001R8011-T1,1
281,OMRON(5),1
282,JPDC-P-0230,1
283,PM#8 & WP#8  [5],1
284,TH-N60TA,1
285,SPAJ140C,1
286,10X32X35 [8],1
287,AX145CE+SOCKET R34,1
288,RAMdcs'FOXBORO',1
289,GEET/160DD/5.5KW,1
290,CL16-6,1
291,NO1A/220VMAT:SUS  [N],1
292,3TH2022OAPO,1
293,TNR23G102K,1
294,CTRL ,1
295,1.7-2.6 A,1
296,6SE7041-3EK85-1AD0-Z,1
297,CONTROL WITH LED,1
298,CR2LS-30,1
299,16-22 A [5],1
300,TRANSDUCER CURRENT TYPE CT95 INPUT 0-1A,1
301,AMPHENOL,1
302,INVERTER ACS800-04-0165-3,1
303,RELAY  PA.C.RELAY 8 pole {ZN},1
304,OPERATOR PANEL TP177B,1
305,30A,1
306,THMC3363,1
307,A70E(IN3292),1
308,CR6L-200S,1
309,CX2100-0004,1
310,TELE,25
311,BASE UNIT,1
312,MEMORY BOARD,1
313,YASKA  [ZN,1
314,SIEMENS   [w],1
315,2-25A,1
316,BEARING HOUSING REAR 316STST,1
317,3RT1025-1APOO,1
318,ALN2F611 R,1
319,A21926,1
320,4820 A2,1
321,0.3-3A(8),1
322,TB806 BUS INPUT,1
323,PROFIBUS PDQ22-FBP,1
324,SN-25,1
325,CONVERTER''EMA7,1
326,MAGNETIC CONTAC 1SFL597001R7011-T1,1
327,SIEM [5,1
328,75,1
329,T2A  PM#6,1
330,WP.2(5),1
331,KEY NUBBED A21299,1
332,MOTOR PROTECT SWITCH TS 5.0 A 3F,1
333,BLOCKCOMBINATIONFUSE'ALLIS,1
334,JPDC-C041,1
335,3VL3725-2DC36-PB16,1
336,6SC2100ICA00,1
337,230 VAC,1
338,ADV561P01,1
339,TELE MECANIQUE,4
340,MITSUBISHI    [5],1
341,3NE 1 815-0,2
342,''TAMAGAWA'' C/TL312V,1
343,Auto Stratcher Load cell 00351437  [5],1
344,SIMO [ZN],3
345,DO820,1
346,COUNTER,1
347,ELEC. CHANICAL BRAKE QBFD-M024,1
348,706364-52RC {wo},1
349,JAMSC-B2703 V,1
350,BST010,1
351,AR30-FOR-01R,1
352,DR30-DOL-M4R,1
353,32-50A,1
354,ST���,1
355,DO CARD,1
356,7022AB,1
357,BRAKINGresistorUNIT''LKEB2011,1
358,GENERAL,1
359,WLD2,1
360,V-NET COUPER UNIT,1
361,RA-6E2,2
362,825,2
363,0806003S18  ,1
364,IG-2008-ABOA,1
365,HYDRA CRANE,1
366,600-8M-30  {w},1
367,S9062KF ,1
368,E2E-X7D1-N 2M,1
369,      {ZN},1
370,S-N 65,1
371,7000439,1
372,3NA3832,1
373,JAMSC-B2807 V,1
374,(2)5X25X32 [8],1
375,220-240 VAC,1
376,600,5
377,3NE4333-OB,1
378,MW   [SD],1
379,EMGZ411,1
380,SAMIGS02,1
381,NJ5-18GM50-E2-V1,1
382,3RV1031-4FA10,1
383,TELEMECANIQUE  [5],2
384,10 A,11
385,150A,2
386,PROXIMITY,1
387,120-277,1
388,[9,1
389,2.0 AT,1
390,100mA  [5],1
391,125A125VDC ,1
392,LA1D22 (LADN22),1
393,3RT1026-1AP04,1
394,TTF400793AH30,1
395,3VL2716-2DK36-0AB1,1
396,RVH22,6
397,YASKAWA  [w],13
398,CARD ISO,1
399,MODULE CAN -16DI/P224180 àÅÔ¡¼ÅÔ[9,1
400,160AT,1
401,KONE,1
402,2MBI100L120,1
403,CL50-10,1
404,MTC-3000,1
405, {ZN},18
406,SIEMENS(5),2
407,4-6A,1
408,AO820 ANALOG,1
409,POSITION SWITCH 2 XCK-MR PM.16(5),1
410,G2A-432A-N ,1
411,32X40X16 MM  [5],1
412,JBAMP0084OM,1
413,CAPPRIMARYFILTER'HORIBA'ENDA613  [ZN],1
414,130099-001,1
415,100A,7
416,MITSU WP1(5),1
417,25A,5
418,SIEMENS [ZN],3
419,YASKAWA [N],1
420,   {8},1
421,NF32SW,3
422,MAGNETIC,15
423,JKS200,1
424,4-6 A,3
425,5.5-8AT,1
426,VT-VSPA1-11-1X/V0/,1
427,3TC5617-0BPO,1
428,CI858K01,1
429,LC1-D12004D7,1
430,DIODE''660N18T21FD    [ZN],1
431,PM.1,6
432,3VF5211-2DM41-OAB2 {9},1
433,DIODE'FUJI'2FI100A060D,1
434,NF63HV/10AT,1
435,DISPLAYS,2
436,MONTELEC,1
437,TH-N 20TAKP,1
438,CARD AMPLIFER REXROTH,1
439,3VL2710-2DC33-0AB1,1
440,"170M6811 ""BUSSMANN""",1
441,3A2461,1
442,P/N 677-A-602-G20,1
443,A70P150-4,1
444,SIEMENS[5,1
445,1.7-2.7A,1
446,3TY7500-OX,1
447,SWITCHMAGNETIC,1
448,SYLVANIA  [5],1
449,SAFT 123 PAC,1
450,2RI60G-120,1
451,170M6144,1
452,OMRON   [5],1
453,CARD dcs BOU8'METSO' ,1
454,80 A,4
455,3NE1334-2,1
456,LC1-D18 D7,1
457,CARDdriveCONTROL'YASKAWA'JPDCC020  [ZN],1
458,OUTPUT UNIT MELSEC QY42P,1
459,3TH4092OAL1,1
460,DH2080 H42 KV2-4/1,1
461,7504,1
462,NF50-HP,1
463,P413,1
464,POWER SUPPLY,6
465,SKA1200075 [8,1
466,MM4XPN (15 PIN),1
467,40-50 A,1
468,INPUT UNIT(DI) MELSEC QX42 PM1,1
469,PANELBOARD,3
470,CFT069,1
471,GOULD  [5],2
472,MKA-2,1
473,powerTX'AFM'7KG20215BF11Z,1
474,PROTECTION RELAY MOTOR ,1
475,S-N 80 (2NO.+2NC.),1
476,CONTROL TENSION PFEA111 24V DC,1
477,BLA10A,1
478,1500 1/MIN,2
479,NTA2 [8],1
480,MM2XPD,1
481,YASKAWA [ZN],8
482,MAGNETIC CONTACT 1SBL181001R8010-T1,1
483,2.5 A,1
484,MICRO SWITCH XC G3W,1
485,5 VA,1
486,35 A,1
487,TELE  [5],1
488,NF-160HW,1
489,THYRISTORdrive'YASKAWA'SCR000256,1
490,NF100HP,1
491,A1S38B,1
492,3301040013,1
493,SC95,1
494,CI801,1
495,COLLAR BALL NUT STOP A21958,1
496,RELIANCE    {ZN},1
497,ST230C16C0,1
498,RH80/80,1
499,140-220 A,1
500,GV1-A01,1
501,CARD-AI,1
502,SERVICE SET',1
503,BRACKET SENSOR DWG#822663,1
504,3UA6240-2H,1
505,A413125,1
506,3RP1576-1NP30,1
507,COE [N],1
508,6ES5 470-7LC12,1
509,CAD32D7,1
510,S8JX-G05024CD/POWER SUPPLY,1
511,I/O CARD JUNCTION TYPE,2
512,61C500,1
513,MAT.PTFE,1
514,37 KW,1
515,FUJI  {ZN},1
516,GASKET 11x15x2mm,1
517,1030A2.2Kv  [ZN],1
518,8X32X37 MM,1
519,ALP111-S00,1
520,12-18 A,2
521,SHAWMUT(5),1
522,106KV,1
523,3TH4262,1
524,WireS:150mm,1
525,MITSUBISHI  [5],12
526,250 - 500 A,1
527,PB#10,1
528,6DD1681-0AE1,1
529,DT-03PLUS,1
530,3GD1132,1
531,QCS ECC COLOR SENSOR,1
532,1756-OW16I,1
533,E3R5L+E3R5DE4,1
534,AF1350-30-11 (F9),1
535,10A,8
536,WLCA2-2,1
537,160,1
538,PS405,1
539,380VAC. 50HZ,1
540,INDUCTIVE,1
541,E82EV402-4C,1
542,3.2 A,1
543,ORING,1
544,{ZN},21
545,AirRegulator,1
546,LIGNITE RECLIAMER,1
547,240-400 MM2,1
548,MY4N,2
549,DI810,1
550,FUSETRON,1
551,PVN 300-500 VAC [8][,1
552,FOXBORO  [wo],1
553,0806003-S-8,1
554,POWER SUPPLY MODULE,1
555,POWERsupplyFPUdcs'METSO'A413345,1
556,S-N150,1
557,TTF401420AH50,1
558,GASKET ,1
559,706364-11AA,1
560,P30E-12N-C,1
561,(5)PM3,2
562,Z15GQ22B,1
563,GV2-ME10,1
564,Vdc[N,1
565,6ES5 980-0MA11,1
566,630A,3
567,OMRON,65
568,200 A,10
569,MONTELEC [9,1
570,(2)6.25X32X40 MM [8],1
571,PM - T54,1
572,HEATER HOT OIL,1
573,PCI650 {ZN},1
574,YASKApm3,1
575, B22635 EMO III,1
576,LC1-D80D7,1
577,E2E-X10E1 2M,1
578,SW-0,1
579,CS5F40B,1
580,RELAYtripMASTER'SIEMENS'MVAJ13  [N],1
581,230V,1
582,QO332VSC6T,1
583,CTRL,32
584,RICO PCB,2
585,CP-SNT-55W,1
586,WESTING HOUSE,1
587,OD:16mm,1
588,MODULE BUS OPTICAL,1
589, ROOM A,1
590,INVERTER ACS800-04-0009-3,1
591,AF260-30-11 (F6),1
592,SERVO MOTOR,4
593,INDUCTION MOTOR,5
594,THYRISTOR,31
595,HGF0-978C,1
596,BRAKE,1
597,600V,13
598,DRIVERbaseDRIVE'ETC863:JPAC257   [ZN],1
599,3VT5300-0DU00,1
600,3RV1341-4MC10,1
601,FC6409480A,1
602,AT-PWR4USE,1
603,120 W,1
604,PB#14   [ZN],1
605, [5,1
606,59RC80,1
607,A413511 àÅ[9],1
608,3RP2576-1NW30,1
609,SLI 70-400,1
610,VIB   [8],1
611,"170M1565 ""BUSSMANN""",1
612,AUTO STRATCHER MODULE 00323059,1
613,6DD1681-OAH1,1
614,22-32AT,2
615,2.2 KW,1
616,MOUNTING STRUCTURE 1X8,1
617,STYLE 276-A-541-G01  ,1
618,SCR MODULE,6
619,265 V DC,1
620,BEARING K9106HE,1
621,UF-4663,1
622,PLATE 3RT,1
623,130,1
624, 1NC,1
625,PB11,1
626,SMA30SEL,1
627,10-100A(8),1
628,BOXdistributionAIR PB14 [ZN,1
629,Signal Conditioner'M5VS3AR,1
630,ETHERNET COMMUNICATION,1
631,HEAT EQUIP,2
632,RVH40B,1
633,3RT1015-1AP01,2
634,15A,1
635,BREAKER CIRCUIT 1SDA054197R1-T ABB PM17,1
636,TRANSVERSE AUX.SW.1C/O,1
637,6ES7331-7KF02-OABO,1
638,3-60 SEC,1
639,77869RB,1
640,SN-200,1
641,IDEC [5],1
642,flame DETECT Honeywell,1
643,TA6000-401,1
644,24V,1
645,WHITE,2
646,RMSP-PS 26V,1
647,"THYRISTOR Module ""EUPEC""P.5P500463",1
648,GCPLT-GK/200B/37KW,1
649,APKT24D1XI [5],1
650,TNR23G471K ,1
651,O/L 1SAX511011R1101-T1 ABB,1
652,3TF4422-OXPO,1
653,1000V,3
654,3UA58402F,1
655,TC,1
656,HU-427E-S,1
657,3TH20 31-OAMO,1
658, KB 30 220V,1
659,ZCK-D21,1
660,SCR BOARD,1
661,RELAY,233
662,HGFO-968C-Y3CT,1
663,3RP1505-1BP30,1
664,019684-033,1
665,BULB LATD6XP-R:PL999001 [ZN,1
666,PROTECTIONtransient''EMZ6,1
667,3TH20 22-OADO,1
668,ENE1333-0,1
669,ROD 877A21,1
670,APN118W,1
671,3SE6200,1
672,KNICK [ZN,1
673,UNIT,4
674,BACK PLANE,1
675,3RV1342-4JC10,1
676,CONNECTION CABLE MELSEC QC12B PM1,1
677,AS-BADU-206,1
678,200 VAC {9},1
679,25MA,1
680,SKR11,1
681,170M-6808,1
682,410403-23AB,1
683,FOR 30310SB    {ZN},1
684,SKF(ZN),1
685,BOSTON,1
686,AR30 PR-122B,1
687,CRANE [5,1
688,EFECTOR  [5],1
689,800V,1
690,CI810BA F10,1
691,PAC700,1
692,S-N 12,1
693,35-8,1
694,800A,2
695,25MM/KV,1
696,0.7,1
697, DM900HT,1
698,TG#6  [9],1
699,CARD-ETHERNET TOFIELDBUS,1
700,ZB2-BE101 (NO),1
701,POWER MOUDLE,1
702,Q-250F QUAD,1
703,900A,1
704,3A,6
705,BREAKER CIRCUIT 1SDA051323R1-T ABB PM17,1
706,ETX 001910,1
707,S8VS-06024,1
708,RH35/20MP,1
709,ANALOG INPUT MODULE,2
710,700V,1
711,660 V,6
712,3RP152524,2
713,COOPER CS 115B,1
714,ISOLATION AMP CARD,1
715,135 QH-743,1
716,FUSE LINK FPG1-6X75,1
717,3VF6211-1DK44,1
718,KIT SN80,1
719,AEG  [ZN],1
720,ANALOG INPUT CARD,3
721,CARDdcsSYSTEMSTATUS'ABB'TC520,1
722,CARDdrivePRSA'RELIANCE'51845,1
723,AC POWER CONTACTOR 11E,1
724,0-51831-1      {ZN},1
725,216-259 MFD(8),1
726,GOULD SHAWMUT [ZN,1
727,TTF401396AH125,1
728,200 EXD 21(2500V-200A),1
729,AA29,1
730,I220V O4A15V [5],1
731,GV2-ME08,2
732,CARD DCS AO,1
733,MM4XP ,1
734,SN180,1
735,3VF1231-1DB11-0AA0  [5],1
736,W97020-Z1009-C363   {ZN},1
737,3TH2022-OBF4,1
738, STYCE G {9},1
739,YASKAWA      [ZN],1
740,235812,1
741,NOZZLE,2
742,TU811V1,1
743, 0.16/0.13A,1
744,SWGEARvacuum'SIEMENS'3TL6113OAN2,1
745,3TY5693-0A,1
746,HE10,1
747,3TH2022-OTB4,1
748,CARD STATION INTERNAL,1
749,S186E,1
750,SERVO CONTROLLER ASDA-B2-3023-B,1
751,SIEME [ZN,1
752,DIB01CB23,1
753,50-75 A,1
754,10-1-1145,1
755,MICRO SWITCH,1
756,BREAKER CIRCUIT 1SDA051004R1-T ABB PM17,1
757,SHAFTforMOTOR'ALLIS'RGZ,1
758,SHAFT C16651,1
759,GEAR,1
760,3RP15741NP30,1
761,BAF-10,1
762,S:0,1
763,TROLLEY WHEELS BRG.40X80X70MM,1
764,3TB4122-0XD0,1
765,TLQ5 MC1,1
766,1NO-1NC,3
767,861007455,1
768,MINI SPLIT CONTROLS,1
769,OMRON [ZN],1
770,10[5,1
771,GH1302,4
772,DRIVE CONTROL UNIT,1
773,3TF45 11-0A,1
774,Signal Conditioner'Msystem'M5MVZAR,1
775,TU838,1
776,POWER SUPPLY DRP024V240W1AA,1
777,VW-202AL-3,1
778,500 W,1
779,DR3ODOL-M4G ,1
780,AC POWER CONTACTOR 330C230V56,1
781,706364-51G,1
782,6(2X5)X32X32 [8],1
783,YASKA {ZN,1
784,5SX9100,1
785,1 A,3
786,ICS,1
787,1300 V,1
788,MP 1.6 A ,1
789,P282-0433A,1
790,62202-2RS1,1
791,FUSE'',1
792,MC-2008,1
793,SWITCH CABLE FLOAT,2
794,TT425N16KOF,1
795,WD30-ME01,1
796,FIELD BOARD,1
797,/GV2-ME20   [5],1
798,500-630AT,1
799,S-T25,1
800,SHUNT RESISTOR 250OHMS,1
801,78091-60A,1
802,6RB2110-0FD01,1
803,KAGASEL,1
804, EP#9,1
805,ABB SAMI 500F660,2
806,5A.,1
807,àÅÔ¡[9,1
808,6ES5 102-8 MA02,1
809,METSO [8],3
810,LS-29 PA1,1
811,DIGITAL INPUT MODULE,3
812,87419444,1
813,OD:22mm,1
814,AR30NR-01R,1
815,3BSE013208R1,1
816,MM4KP ,1
817,SAFT 151 CPD,1
818,3RT1065,1
819,MHE DEMAG,1
820,RELIANCE      {ZN},1
821,1.1/8A600V,1
822,MG50Q2YS9,1
823,SR-110-24,2
824,10 KGS/PAIL,1
825,GV2-ME03,1
826,120 V  [8],1
827,A413143,1
828,AC3-OMHV-00-00-C,1
829,AS-BDAP-216,1
830,POWER BLOCK ,1
831,50-200A,1
832,1SAZ211201R2033-T1,1
833,BALLUFF,1
834,BANNER  [5],2
835,C101H3 PB11(5),1
836,CEL EQ96SI/1A ,1
837,RELAYearthFAULT'ABB'SPAJ110CAA   àÅÔ¡[9],1
838,20-200A,1
839,11-16AT,1
840,DRT2-DA02,1
841,COM CAN,1
842,6ES5 951-7ND51,1
843,JBAM-S006,1
844,"S:4""",1
845,4 A ,1
846,ZR42 K3E PFJ,1
847,5ZL-WL-EL3,1
848,INCREMENTAL,2
849,MAGNETIC 3 PHASE,1
850,MM4P,1
851,A1321EF,1
852,AS-HDTA-200,1
853,80041006A,1
854,TH-T50Kp,1
855,(50 PC/PACK),1
856,G2R-2125,1
857, ÃÐ§Ñº [9],1
858,SCR'IOR'PD70F120,1
859,IT 600-0000-0,1
860,P.ST000C16KO,1
861,RLC11FH,7
862,ES843,1
863,BG412,3
864,SIMOVE [ZN],1
865,S18SP6R,1
866,DIGITAL TENSION MEASURE CARD,1
867,74395468,1
868,SAFETY,2
869,400 V,6
870,LENZE,2
871,RELAYbattCHARGER''HPT30.110XE(763),1
872,SIEMENS(8),15
873,5-40 MA.,1
874,D200576,1
875,3TB5017-0AM0,1
876,SW.FUSE 1SCA022825R3810-T ABB,1
877,200-250AT,1
878,S9093KF PM3 (5),1
879,CS5F-1000-P,1
880,TH-K 60KP,1
881,MICROSWITCH,3
882,39RC100,1
883,CT'',1
884,EP8,1
885,EK307S,1
886,IGT 200,1
887,TIME,24
888,0.5 S TO 100 H,1
889,3TB4617-0DM0,1
890, [5],5
891,YASKAWA [5],1
892,250 W,1
893,DC 12 VDC,1
894,TOGGLEswitch''MS500F,1
895,FAST I/O CARD,1
896,0-1V   [5],1
897,BATTERY,1
898,JISB2401,1
899,QMAU803,1
900,PSU UPS MODULE,1
901,6ES5 374-1KG11,1
902,3NE4337,1
903,EXTENSION EM223,1
904,B24088 24V EMOIII,1
905,P637789,1
906,AT1121,1
907,BACKHOFF  [5],2
908,NF32HW,1
909,SF100V27,1
910,710 A,1
911,EP14    [ZN],1
912,D200533,1
913,SIN0112R,1
914,0806003-S-7,1
915,AKAPP,1
916,220V,9
917,AUTOMATIPM16(5),1
918,60NJ160K,1
919,A413150,1
920,CARD TERMI. BLOCK,1
921,3TY74400A,1
922,JAMSC-B2500 V,1
923,1250/  [ZN,1
924,60-120 A,1
925,3BSE002348R1,1
926,FC11*A   {ZN},1
927,FU000616,1
928,3TY7460-OX,1
929,CS5F-450,2
930,EGBM 1-25-9-6-2,1
931,4.5-6.3AT,1
932,7PU41202BN20,1
933,�ç�԰,1
934,Q OHX,1
935,46S02948-1310 {ZN},1
936,3.2/10,1
937,BREAKER CIRCUIT 1SDA053131R1-T ABB PM17,1
938,CURRENTRELAY,1
939,MOTOR PROTECTION RELAY'MEIDEN'NTY18,1
940,358,1
941,CARDdrivePWRmodINTERFACE 57408 {ZN},1
942,TH-K220RH,1
943,AC100-240/DC100-125,1
944,MINI-PS-100-240AC/2X15DC/1,1
945,MAGNET'SIEMENS'3SE6100,1
946,DETECTORsparkUNIT'',1
947,RANCO  [5],1
948,OMRON  àÅÔ¡¼ÅÔµ[9],1
949,6ES7314 PRO,1
950,DC POWER SUPPLY,1
951,FAIRCHILD,2
952,50061-01 [8,1
953,FAW-1,1
954,FELT TENSION LOAD CELL VLC-10KNG,1
955,HPE89328-A AW,1
956,2MB  [ZN],1
957,16,1
958,MCCB NF1000SEW,1
959,FU000595,1
960,706364-52RE,1
961,S:160x114 [Z,2
962,LC1D80F7,1
963,6AMP,1
964,THYRISTER CARD DRIVE,2
965,VFS11-4055 PL,1
966,3RV1901-1E,1
967, 10 MM.ÃÍ [9],1
968,55-250A,1
969,WLCA 12-2,1
970,METSO,4
971,VALMET  [8],1
972,RELAY DIFF. SWGEAR,1
973,PW482-50 [5],1
974,6SL3040-0GA00-1AA0,1
975,CARD CBU SUPER,1
976,ERZU22JP162H,1
977,CAL 511,1
978,3TY75600A,1
979,500,3
980,TIMER ,5
981,TELE MECANIQUE [5],1
982,6RB2100-0NA01,1
983,3TF46 22-OAPO,1
984,HITACHI [N],1
985,FUSE,193
986,AAP135-S50  [5],1
987,3RV1363-7EN10,1
988,45 A,1
989,AH30FR11,1
990,SURGEsuppressor'SIEMENS'3TX44903S,1
991,   {9},1
992,265 V,1
993,EP14  [8],1
994,RP-112D-TO-600,1
995,JAMSC-IF62AV,1
996,MS330-11Y-M20-1366,1
997,A6D350R,1
998,700,4
999,6SL3320-1TE33-8AA3,1
1000,1.4-2,1
1001,FUSE'GOULD'10SB,1
1002,SIGNAL CONVERTER,1
1003,BUSS,2
1004,CIRCUIT BREAKER 24KV VD4 PM1,1
1005,PG-4284,1
1006,PowerSupply'Cosel'AC3IOZH0000C,1
1007,10X32X37 MM,1
1008,28V,2
1009,13-18 AMP,1
1010,THN20,1
1011,GOULD   [ZN],1
1012,1756-ENET {wo},1
1013,SC510,1
1014,D4C-1202,1
1015,AO810,1
1016,3RT1075-6AP36,3
1017,BEARING MODIFIED 2.258ID,1
1018,3VT5300-0DV00(5)WP3,1
1019,28-40 A,1
1020,FREON,1
1021,E2EX7D2-N,1
1022,EXTENSION,3
1023,HOLDERfuse'FUJI'AFaC,1
1024,T523B 6P 15A,1
1025,70-1-00000925,1
1026,3NE3335,1
1027,3RV1331-4GC10(22KW),1
1028,SPCJ4D34AA,1
1029,DI CARD,1
1030,SPRAY HEAD VIB 20473 DIA.5 MM.   [ZN],1
1031,127CHC,1
1032,XHI 803-1024 (810280-01),1
1033,85W 200V 350 VAC,1
1034,75AT,1
1035,YELLOW,1
1036,24VDC,4
1037,PLUSE TRANSFORMER BOARD,1
1038,43-65,1
1039,MS SERIES,1
1040,3VE4200-0CS00,1
1041,FWP-400A,1
1042,HONEYWELL,5
1043,36-50AT,1
1044,0805002S47(8),1
1045,ABB [5],1
1046,TILLQUIST,1
1047,TERMINAL,18
1048,3TF4011-OXPO,1
1049,PROFEBUS DP COMMUNICATION CARD àÅ[9],1
1050,9,1
1051,OVERLOAD''T25DU,1
1052,PLC POWER UNIT Q61P-A2,1
1053,ZC2-JD4,1
1054,ENE1817-0,1
1055,SMART DRIVER 8A RS485 [SD],1
1056,CARDdcsBUS'ABB'TB820V2,1
1057,PROTECTIONtransient''EMZ3,1
1058,CR2L-450,1
1059,1 POLE,1
1060,MICROSWITCH ,1
1061,0.63-1A,1
1062,50A125VDC ,1
1063,PROTECTIONtransient''EMA6,1
1064,     {ZN},1
1065,0.37 KW,2
1066,700 VAC,3
1067,57C431A,1
1068,ABB,81
1069,900 A,1
1070,JPDC-P023,1
1071,AC-PIN-51C MD KIT  [SD],1
1072,5.2-8,1
1073,Z-15GQ22-B,1
1074,SIEMENS [N],1
1075,SPAM 150C-AA,1
1076,30KW,1
1077,24x26x8MM PM1(5),1
1078,DIGITAL INPUT 6ES7321-1BL00-0AA0 PRO,1
1079,32MB   [ZN],1
1080,9790759,1
1081,O/L 1SAX521001R1101-T1 ABB,1
1082,55200/P/902360 400A,1
1083,AUX. [5],1
1084,CARD FBM24 125VDC IN/OUT,1
1085,JPDC-Z012,1
1086,0.48-0.72A P,1
1087,MB30-SS,1
1088,2 SEC,1
1089,ABB(5),3
1090,6SC6100-0GB12,1
1091,FLAT CABLE,1
1092,WL01CA2LE,1
1093,LEVEL,4
1094,P2CF-08 OMRON,1
1095,BRUSH MOD QCS,1
1096,3VE3000-2LA00,1
1097,78096-60A,1
1098,BACKHOFF,1
1099,INVERTER,41
1100,MONTELEC  àÅÔ¡[9],1
1101,32X10X35mm PB9,1
1102,FREON R22,1
1103,9AB41411 FB07,1
1104,AX2090-MD50-0012,1
1105,CARD VOLTAGE PB11 (5),1
1106,NF63HW/20,1
1107, TTY CURRENT LOOP,1
1108,169800,1
1109,BLA015,1
1110,3TH2031-OTB4,1
1111,POWER MODULE INDUS 2 LAMBDA P0904HA [8],1
1112,CARDdcsOPTmonitor'METSO'533401002,1
1113,OD 10 MM,1
1114,GOULD SHAWMUT[5,1
1115,PHOTO MLV13-54,1
1116,AR30-F10-G,1
1117,150OHM [N],1
1118,161,1
1119,500VAC,1
1120,125A,3
1121,A1SY10,2
1122,MOTOR CONTROLLER BOARD,1
1123,VARISTOR,4
1124,WINDOW SENSOR,1
1125,800,2
1126,32-48A,1
1127,FUSE 3NA3144 250A 500V,1
1128,XB2BA31,1
1129,AAI141-S53/A4S00,1
1130,750A,2
1131,AX145 CB+SOCKET R34,1
1132,NCslitter {ZN},1
1133,ID 12.42 MM,1
1134,LM80B/300V ,1
1135,GOULD SHAWMUT,9
1136,RELAY POSITIVE BIAS,1
1137,E2E-X14MD1,1
1138,550-1250A,2
1139,DUD005770,1
1140,25-6,1
1141,ABB [5,1
1142,220V DUOcleanerPM4,1
1143,POWER BLOCK 6SL3352-1AG38-1FA1,1
1144,MAGNETIC CONTAC 1SBL351001R8011-T1,1
1145,CARD DI,2
1146,25mA28V,1
1147,NF400HW,1
1148,JAMSC-B2110AV,1
1149,SINAMICS CU320,1
1150,3RH1140-1APOO,1
1151,UF-4443,1
1152,WINDOW DETECTOR 517003765,1
1153,RH18/10MP,1
1154,560 A,1
1155,TTF401413AH20,1
1156,16AT,1
1157,CONVERTER,5
1158,ETJ.001121,1
1159,0806003S19  ,1
1160,{ZN,10
1161,P0700HU,1
1162,EE,87
1163,PROCURVE,1
1164,  [5],1
1165,3TH4244-6BB4,1
1166,MITSUBISHI PM3,2
1167,NETWORK SWITCH,1
1168,B9604,1
1169,500-1000 A,1
1170,ANALOG OUTPUT 6ES7332-5HF00-0AB0,1
1171,AAI141-S50,1
1172,SW-RO,1
1173,3112 8811 SKD 30/16 A1,1
1174,RH18/10,1
1175,019684-013,1
1176, EMOIII [9],1
1177,P.101705-001,1
1178,SN125,1
1179,A413061,1
1180,2711P - RN15 S,1
1181,0806003-S-1,1
1182,05-36-129,1
1183,1.6 A,2
1184,30304SB,1
1185,3RT1054-1AP36,2
1186,LEADswitch'TAIYO'SR401,1
1187,A5487 Â¡[9],1
1188,SM12PCN074A2P,1
1189,3NE3432,1
1190,9-12.5AT,1
1191,FOXBORO  [ZN],6
1192,ENE1227-0,1
1193,MAGNETIC CONTAC 1SFL511001R8011-T1,1
1194,YASKAWA    [ZN],4
1195,BUSHINGinsulator''531934,1
1196,{8/wo},1
1197,FUJI,43
1198,4/40A,1
1199,CPU CARD,2
1200,CARD  HF-BUS CONTROL,1
1201,1000 A,1
1202,CEL BOQ96SI/5A-6A ,1
1203,5SD460,1
1204,CR TRIGGER UNIT PCA P/N 191576  [8],1
1205,MOUNTING BASE,1
1206,LPJ-35SP(5),1
1207,YASKAWA àÅÔ[9],1
1208,PROBE VIBRATION,1
1209,ASS320N,1
1210,BREAKER CIRCUIT 1SDA050995R1-T ABB PM17,1
1211,RING-O TYPE 39 P/N93 S0020 MAT.VITON [5],1
1212,AK4215 ANALOG MODULE F/PM3,1
1213,3RV1321-4AC10(7.5KW)  [5],1
1214,MOTOR DRIVE BOARD,1
1215,QCS,2
1216,861900220-1024PPR,1
1217,6SE7016OEA841HF2 {9},1
1218,BA,1
1219,9AB41413 FJ,1
1220,ABBpm.17,1
1221,CARD PLS SUPPLY,2
1222,5SL6102-7CC,1
1223,MOELLER àÅÔ¡¼ÅÔµ[9],1
1224,A413240,1
1225,HI-65 E2,1
1226,Q OH-X,2
1227,TG14vib,1
1228,CR6L-150S,1
1229,CT'RITZ'KS0860,1
1230,3TF56 22-0A,1
1231,19775-004,1
1232,AUTOMAX  {ZN},1
1233,ACC,2
1234,SIEMENS-ALLIS,1
1235,UNIT LASER DME 5000-312,1
1236,JPDC-P040,1
1237,3TB-4322-OXPO,1
1238,FUJI  [SD],1
1239,S3S-A10,1
1240,0-6 MM,1
1241,SCREW,6
1242,6,1
1243,6-300 MA.,1
1244,COELME [N],1
1245,LC1-D12F7,1
1246,POWERTRANSFORMER,1
1247,MM2XP,3
1248,SHUTTER''14423344005,1
1249,WOOD PB19 (5),1
1250,2.8-4.4 A,1
1251,AR22-PR211B,1
1252,WATTHER,1
1253,YASKAWA(5),1
1254,48267C,1
1255,40A,2
1256,(2X5)X25X32 MM [8],1
1257,12,1
1258,400A,4
1259,DC DRIVE CARD-ADJER,1
1260,P430,1
1261,TTC6415559BH20,1
1262,5.5KW380V,1
1263,MK 2P,1
1264,6-9 AMP,1
1265,3RV1021-4CA10(5.5KW),1
1266,405-0RA01-OAAO,1
1267,3RV2342-4YC10,1
1268,3SB1000-2EB01,1
1269,MODULE CAN 16DO,1
1270,132 QH-742,1
1271,GREEN,4
1272,UP3E2AP  ,1
1273,KARLJUNG  [5],1
1274,KEYPAD DISPLAY,1
1275,3RV1031-EA10,1
1276,HALOGEN,1
1277,70A1200V  {ZN},1
1278,ET 1275,1
1279,SPCJ4D24,1
1280,3UA52401E,1
1281,APKT 7B1XI,1
1282,ABB  [8],2
1283,HGFO968CY3T,1
1284,315A,2
1285,A70P500,1
1286,EG367,1
1287,ALLEN BRADLEY,1
1288,BEAMsensor'SUNX'NX72MD(VFRM5T),1
1289,PB11 (5),12
1290,FWH-5A14F,1
1291,NEOPRENE RUBBER [9],1
1292,220 V,20
1293,TELEMECANIQUE  [ZN],2
1294,VOLTAGE,1
1295,CARD PTB710 HITACHI DCS  [ZN],1
1296,P74160582-1GH1302,1
1297,S-N300,1
1298,SWITCH ,1
1299,CARDpowerSOURCE''G85F299252,1
1300,B22632,1
1301,125D PM1(5),1
1302,MITSUBISHI (AX),1
1303,VITON,1
1304,GEAR MOTOR,1
1305,MEIDENSHA [9],1
1306,SERVO MOTOR CARD,1
1307,KU-4699  911702,1
1308,MASTER BUS300 [N,1
1309,FJ72 24V,1
1310,: VD4-12-12-40,1
1311,'SF'HPA,1
1312,XCKJ167,1
1313,SSX2102-7,1
1314,NPSASM60B ,1
1315,5 A,6
1316,82/860,1
1317,CARDdcsFIELDregulator 57412-E {ZN},1
1318,CARDplcCPU'OMRON'CS1G CPU43H,1
1319,���[8],1
1320,SW.FUSE 1SCA022753R3800-T ABB,1
1321,3BSE020520R1,1
1322,09-0-0000169,1
1323,''COMMANDER SKA'',1
1324,EXCITATION CARD,1
1325,3BSE030220R1,1
1326,A90,1
1327,6 A,6
1328,àºÔBP,1
1329,DDCS Commun Option,1
1330,IDEC  [5],4
1331,FUSE HRC LINK OFAF2H400,1
1332,GV1-M21,1
1333,16PIN,1
1334,MITSUBISHI  [SD],1
1335,RLC-11FH-B,1
1336,WP.2,3
1337,wwt  [8],1
1338,CHKEYBOARD''N8603013,1
1339,TRBD-2,1
1340,MAGNETIC CONTAC 1SFL451001R8011-T1,1
1341,5.5KV,1
1342,3POLE MITSUBI *UR,1
1343, [ZN],11
1344,175A,1
1345,IBS-10740,1
1346,CIRCUIT VOLT DETECT PCB       {ZN},1
1347,H3BA,2
1348,(8),39
1349,3TF56 22-OAPO,1
1350,A6D10R,1
1351,TL-N10 ME1,1
1352,7PU46202BJ20  ,1
1353,CI522A AF100,1
1354,SCREEN,2
1355,HEATERstabilizer'METSO'LAMPOST,1
1356,MOORE,3
1357,10X14X2 MM    [5],1
1358,7-11,1
1359,TEMP MEASURE,1
1360,3BSE003389R1,2
1361,¢ÒÂse[9],1
1362,BUSSMAN,9
1363,9-12.5 A,1
1364,ID 219.3 MM,1
1365,CARD DRIVE AMP,1
1366,XSAV12373,1
1367,3TL6113OBF4,1
1368,QM400HA-H,1
1369,4-20,1
1370,250A,4
1371,CARDplcCPU'MODICON'PCE984265,1
1372,OMRON S82G0615,1
1373,6SC98114CK02,1
1374,2P,1
1375,REFRIGERANT R22,1
1376,NAKAMURA,1
1377,0806003-S-3,1
1378,FINETEK  [8],1
1379,RY2S-U ,1
1380,G85F250742,1
1381,M30,1
1382,GCB TU#E I0R1-AS1  ,1
1383,30 MM,4
1384,  [ZN],3
1385,SIEMENS  [ZN],18
1386,90AT,1
1387,TR1R,1
1388,FUSE HRC LINK OFAF0H200,1
1389,JRMSI-MB 22A,1
1390,3VE4200-0CQ00,1
1391,ALONE 8820 ,1
1392,TMY4,1
1393,3SB1206-0AE01,1
1394,3TY75611Q,1
1395,SP-R-150,1
1396,E5EN-HPRR2BFM-500,1
1397,FR1A,1
1398,EDB700,1
1399,MITSUBIS PM1,2
1400,32X37X16 MM  [5],1
1401,D200963,2
1402,6EW1890-3AB,1
1403,GEAR FC12-1/2,1
1404,3TY7480OX,1
1405,CARD MODULE,1
1406,FUSETRON  [ZN],1
1407,3BSE013234R1,1
1408,MAGNETIC CONTAC 1SBL281001R8010-T1,1
1409,5SX4316-7,1
1410,N1DAB5E,1
1411,W/CONNECTOR,1
1412,250A600V,1
1413,10,6
1414,FRSR50,1
1415,GT2S-PN,1
1416,706364-51RAA,1
1417,D64304064A,1
1418,TRANSFORMER,17
1419,45-63AT,1
1420,61F-GP-N,1
1421,24V 12A,1
1422,CR6L-100,1
1423,706364-52RF {wo},1
1424,MINI,9
1425,VIB  [8],1
1426,CURRENT,18
1427,O/L 1SAZ321201R2004-T1 ABB,1
1428,PHASE PROTECTION,1
1429,TH-K 120KP,1
1430,SIMOCODE,2
1431,3GC2151,1
1432,LAMP INDICATING 110-130V./8x27 mm.,1
1433,PB.11,1
1434,MODICON   [N],1
1435,SCR000255,1
1436,GEM,1
1437,YASKAWA   [ZN],3
1438,CARD RESERVER,1
1439,COELME,2
1440,QM30E2Y-2H,1
1441,PHOTOCELLS ISD300-6212,1
1442,AEG,3
1443,SPEED SENSOR,1
1444,MITSUBISHI   [5],2
1445,A30ILT200,1
1446,SIGNAL CARD,1
1447,áÊ§ÊÕÊéÁ,2
1448,CR2L-150S,1
1449,MCR-C-U/I-4-DCI,1
1450,A21925,1
1451,"170M3815 ""BUSSMANN""",1
1452,PM3(5),1
1453,A6D60R,1
1454,32x20x12mm PM3,1
1455,18-26A(22A,1
1456,650-780 MFD(8),1
1457,380V/660V PB11(5),1
1458,TH-T65KP 42A (MI),1
1459,PL,1
1460,KUBLER  [5],1
1461,SQUARE D,6
1462,8X32X40 MM,1
1463,700 V,5
1464,P.1620157,1
1465,EG283,14
1466,TU830 EXTENDED,1
1467,T5H,2
1468,TH-T100KP 67A MITSUBISHI,1
1469,80A,1
1470,3VE3000-2MA00,1
1471,AC DRIVE 260A,1
1472,LC1-D1201,1
1473,EMA8,1
1474,ENCODER OVW2-10-2MHT/1000P/R,1
1475,DC ISOLAT AMP CARD,2
1476,PCN-1H50,1
1477,G.E,2
1478,MG CL-18492-CH35  [9,1
1479,3RV1321-4AC10,1
1480,METSO [5],2
1481,EMUG45-4REL/KSR-G24,1
1482,240-300 MM2,1
1483,PM3 (5),3
1484,PROCESSOR CARD DCS,1
1485,ADAPTER MELSEC Q61DIN1,1
1486,PSBD-5,1
1487,3000 RPM,1
1488,AR30-EOL-10M4G,1
1489,CARD QCS ECF,1
1490,CIRCUIT 3RV1021-1AA10SIEMEN PB16,1
1491,SUCO,1
1492,LS80/250VAC ,1
1493,CLEANER OY  [ZN],1
1494,FUJI(5),1
1495,CARD RIO BUS INTERFACE,1
1496,L-70132-B PM3,1
1497,DETECTORprimaryCURRENTpca''EMA4,1
1498,PLUG FEMALE,1
1499,FCF2-30,2
1500,EAO700,1
1501,3BS,1
1502,DWG:AXR405110  [ZN],1
1503,TDY30,1
1504,A2SHCPU,1
1505,46952644,1
1506,VOLT METER,1
1507,SIMITIC KP-700 COMFORT 6AV2 124-1GC01-0A,1
1508,6ES5 951-7NB21,1
1509,10-30 VDC,4
1510,BEARING,2
1511,SN 50,1
1512,SCREWPAN'LG',1
1513,1 A  ,1
1514,TTC6414189AH20,1
1515,MITSUBI PM1,2
1516,0867129X [5],1
1517,VAMET AUTO,1
1518,HPT30,1
1519,CARD AO,1
1520,3VL2716-1DK33-OAB1,1
1521, DRIVEACC4000,1
1522,30312SE,1
1523,500/5A25KA,1
1524,VW-202AA-3,1
1525,ANALOG INPUT,1
1526,12.5X32X47 MM,1
1527,260 A,1
1528,3RV1321-1BC10SIEMENS PB16,1
1529,PROXIMITY SWITCH INDUCTIVE VAL0115379,1
1530,3VT6200-0DS00(5)WP3,1
1531,CP451-50,1
1532,NF250HW,2
1533,TR15R,1
1534,NELCONT  [ZN],1
1535,3SE3 100-1E,1
1536,   {ZN},15
1537,TERMINALhv'',5
1538,DR22 DOL M4Y ,1
1539,AR 30-F01-R,1
1540,3VU2931-4C,1
1541,PM.16(5),1
1542,15 A,5
1543,CARDdriveDIGITALi/o 574012      {ZN},1
1544,REED SWITCH,6
1545,ADV151-E60,1
1546,EMO III,1
1547,O/L 1SAZ411201R1002-T1 ABB,1
1548,23x24x5mm PM1,1
1549,RELAYauxSWGEAR'SIEMENS'7FR50432AAO,1
1550,ASW211,1
1551,TERMINATORdcs'ABB'TC150V150,1
1552,PFXGP4601TMA : 12.1,1
1553,60 A,1
1554,1000,1
1555,6A125VACÁÕ6¢Ò,1
1556,FUSE HRC LINK OFAF000H6,1
1557,12.5X32X40 MM [8],1
1558,CARDcpuBATTcharger''HPT30110XE    [ZN],1
1559,SIBA  [5],2
1560,CARBONgrounding'METSO'A416291,1
1561,6SL3120-1TE31-3AA0,1
1562,1NO 1NC.,2
1563,78092-60A,1
1564,JAMSC-B2743,1
1565,COUPLING,2
1566,CABLE,13
1567,500 VAC,5
1568,ME800A-E,1
1569,KTK-25,1
1570,CARD TERMINATOR,2
1571,CARDcontroller'BRAN'PMR1020,1
1572,KOBOLD  [SD],1
1573,H-A16 BS,1
1574,LIMIT SWITCH,1
1575,SHUNTRELEASE'MERLINGERLIN'MXA,1
1576,086329-004,1
1577,MITSUB PM1,1
1578,TTK6406185BRL,1
1579,JPDC-P051,1
1580,  ÃÍ{9},1
1581,2.5 VA,3
1582,MONTELEC àÅ[9],1
1583,MD1225-24VDC,1
1584,800 FXD 26 (3000V-800A,1
1585,ABB SAMI 800F660,2
1586,220/240 VAC,1
1587,2.5-4 A,2
1588,OP-AR-J,1
1589,EG260,1
1590,SAFT113,1
1591,SN50,1
1592,S9765UB,1
1593,5A,5
1594,127542-001,2
1595,AS-BDAU-202,1
1596,500VDC,1
1597,P30E-15N-C,1
1598,FIBER OPTIC PATCH CORD,1
1599,MITSUBISHI PM1,6
1600,AS-BADU-205,1
1601,OMRON [AMPLIFIER UNIT],1
1602,TH-N 20,1
1603,NF250HV,1
1604,E2E-X3D2-N,1
1605,MOTOR BRUSH,9
1606,32X16X40 MM,1
1607,FILM PROTECTION,1
1608,Ncslitter,1
1609,700 A,2
1610,CT'WANDLER'4MR12XCP6000/V3,1
1611,MG CL-18042-CH20,1
1612,"170M1567 ""BUSSMANN""",1
1613,YASKAWA {8},2
1614,MITSU [SD],1
1615,[ZN],2
1616,125 AT,1
1617,WFAN,1
1618,A70P200,1
1619,RB401,1
1620,METSO  [5],2
1621,440V,1
1622,5-8A  [5],1
1623,SCR000262,1
1624,BUSHINGinsulator''532295,1
1625,SEMICON,20
1626,AGASTAT,3
1627,ETC100050,1
1628, PIAC DCEPRA,1
1629,"THYRISTOR Module ""EUPEC""P.5P500464",1
1630,SKT551/14E,1
1631,3VU1340-1ML00,1
1632,EG389,3
1633,METAL HALIDE,2
1634,SPAP 1G5 J3-AA,1
1635,100 A ,1
1636,[ IF only],1
1637,24 VDC ,1
1638,GOP G2010 WINDER,1
1639,3UF7010,1
1640,PHOTO switch E3JM-R4M4-G,1
1641,3RT6026-1AP00,1
1642,SAFT 139 MK,1
1643,61F-G3 TDL,1
1644,TTF40079AH30,1
1645,100  [8],1
1646,CARDdcsBUS'ABB'CS513K01,1
1647,MOTOR PROTECT SWITCH MS16,1
1648,3TH2022-OAPO,1
1649,ZR54 KCE-TFD,1
1650,STAND OFFSEAL  A5487,1
1651,JP-CC-P023,1
1652,3SE5122-0CE01,1
1653,10-16AàÅÔ[9,1
1654,GATE PCB,1
1655,SC20C-80 6E,1
1656,CPU 6ES7216-2BD23-0XB8,1
1657, [ST�����75035030303,1
1658,CT'KWK'GSA170/85.72/3KV,1
1659,AC SIGNAL PROCESSOR,1
1660,COILtripping'ABB',1
1661,YOKOGAWA,12
1662,125A [5,1
1663,ELECTRO CARD DGC-2,1
1664,S-K 180,1
1665,3UA50401A,1
1666,DP820,1
1667,1000F660 AND SAMI 800F66(ZN),1
1668,3NA3836,1
1669,OGB 400,1
1670,220/380 V,1
1671,BES M12 MI- NSC20B-BV03,1
1672,690V,7
1673,«èÓãªé 75031572433,1
1674,CARDdigitalAMPLIFIER'OHMART'200216 {ZN},1
1675,(-750)-750,1
1676,OUTPUT,1
1677,SP WIRE  [5],1
1678,3TF5222-OX,1
1679,FUSE'SIEMENS'P420,1
1680,CS1W-ETN21 {w,1
1681,380 VAC,1
1682,60W,1
1683,POWER,5
1684,RH18/15MP,1
1685,TT54304527AH50,1
1686,RM50HA12F,1
1687,LAMPqcs'METSO'319003571,1
1688,H3CR-A8,2
1689,EPKJ 5257,1
1690,PRESSURE,8
1691,S3H160/R32100,1
1692,POW700   {ZN},1
1693,185 MM2,1
1694,ALLEN BRADLEY {wo},4
1695,85-105A [5,1
1696,«éÓãªé75032754202,1
1697,1NO+1NC,1
1698,FUSE HRC LINK 1SCA022627R0660-T ABB,1
1699,3SB1400OA,1
1700,A1306EF,1
1701,3TF4411-OAPO,1
1702,BLA030,1
1703,40X20X16 MM(8),1
1704,IGNITER HOT SURFACE HSUIRK120,1
1705,C161L PB11(5),1
1706,A30-30-01,1
1707,30MA ,1
1708,MDSKSRS 056-33,1
1709,DMU4M,1
1710,20140 C,1
1711,(2)5X20X32 MM [5],1
1712,COSEL 220VAC,1
1713,D-44534,1
1714,0.18-0.25 A,1
1715,SWCH0410,1
1716,MOTORsectorQCS'YOKOGAWA'K9273XD   [ZN],1
1717,3RV2032-4EA10 SIEME PB16,1
1718,32X20X40 MM,1
1719,220 VAC,14
1720,(ZN),1
1721,"170M6169 ""BUSSMANN""",1
1722,4A,3
1723,3TH8022-OXPO,1
1724,YASKAWA [ZN,1
1725,0.7A.,1
1726,?,89
1727,3RV1021-1DASIEMEN PB16,1
1728,2891851,1
1729,7.2KV,7
1730,Wider4   [ZN],1
1731,10x32x47mm,1
1732,EG236,4
1733,22-32 AMP,1
1734,CALBLE LINK,1
1735,RELIA [8,3
1736,EFECTOR,4
1737,(-400)-400,1
1738,TCBT 550-1250A,1
1739,RH18/1.2A,1
1740,SERVO CONTROLLER,4
1741,SIMOV   [ZN],1
1742,WL NJ-2,1
1743,TR12B-1E,1
1744,CARD TWISTED PAIR,1
1745,3UA50401H,1
1746,A1SJHCPU,1
1747,OD:10mm [5],1
1748,(13PCS/¤ [5],1
1749,VRC2',1
1750,3RT1016-1AP01,1
1751,CARDprotectRELAY'ABB'SPCJ1C8,1
1752,SKN 60 F17(ZN),1
1753,SERVICE SET P/N 291580 A,1
1754,BASIC CPU MODULE,1
1755,SIMITIC KP-1200 COMFORT 6VA2 124-1MC01[S,1
1756,3TF46 22-OXPO,1
1757,FUSE'NEOZED'FU000409,1
1758,UNDER-SPEED CONTROLLER,1
1759,ZB4BZ101,1
1760,SPAJ 140C,1
1761,28-40A,1
1762,MG CL-18482-CH25 {ZN},1
1763,RELAY BIAS PRESSUR,1
1764,DRIVE CONTROL,1
1765,80-100AT,1
1766,CABLING,1
1767,7052 A1,1
1768,13.5X18X1.5 MM,1
1769,OPITCAL MOUSE USB,1
1770,OMRON  [8],4
1771,OGS 250(8),1
1772,SF'HPA,1
1773,GP,1
1774,APS-126N,1
1775,CARD QCS ECS,1
1776,CARDdriveINTERFACE 46S029481310  [ZN],1
1777,RS485,1
1778,(2)10X32X40 MM,1
1779,SCAPER ARM ROD,1
1780,3RT1045-1AP04,1
1781,THN20 2.8-4.4A,1
1782,E84AVSCE3712SB0,1
1783,150- 185 MM2,1
1784,PILOT LAMP,20
1785,PB16,3
1786,3VL2716-2DK33-0AB1,1
1787,MEDIA CONVERTER,3
1788,A-15425 EMOIII Â¡[9],1
1789,CARD NCU2,1
1790,"MONITOR 23.8"" SNSP2422H (VGA+DVI-D)",1
1791,E3S-AD36,1
1792,METER,5
1793,GATA,1
1794,EUJ,1
1795,020.349.10,1
1796,1600 A,2
1797,320-800 AT,1
1798,FUSEtron'',1
1799,LUMINOUS          {ZN},1
1800,Y11,1
1801,55-80A,1
1802,63 A  ,1
1803,   {8/wo},1
1804,MYQ-4N,1
1805,1000 W,1
1806,CARD SUPERV.''MPK115010V3,1
1807,DIODE'SANREXPAK'DD160F120,1
1808,24-34A  àÅÔ¡¼ÅÔµ[9],1
1809,THYRISTOR'RELIANCE',3
1810,460 V,3
1811,380/66 RPM {w},1
1812,DML-164S,1
1813,TH-K20KP,1
1814,{9},23
1815,FAN DCS,1
1816,3TF44 22-OXPO,1
1817,3,3
1818,SIEMENS [5,3
1819,3-5 A,1
1820,D200162,1
1821,IP380VAC OP180VDC {9},1
1822,A21299,1
1823,AH 25-ZM RM,1
1824,E3JM-DS70S4,1
1825,SM13CXC174,1
1826,CARDdcsMODBUSgateway'METSO'57C414,1
1827,OD 15.98 MM [wo],1
1828,JAMSC-B2902 V,1
1829,TRANSFORMER'TRAFO'ZE23/8,1
1830,SE30301,1
1831,YASKAWA,98
1832,SIMODRIVE,2
1833,A416288 [8],1
1834,500AV,1
1835,EP14  [ZN],6
1836,3RT1044-1APOO,1
1837,9AB4141-4NA,1
1838,LINEARVOLTAGE,1
1839,DOUBLE CURRENT KDST280/26,1
1840,1P,2
1841,POWER BLOCK 6SL3352-1AG34-7EA1,1
1842,3TX7004-1MBOO,1
1843,ADV169-P00,1
1844,QS30VR3R,1
1845,3NE3336,1
1846,JP-DC-P028,1
1847,SIMOVERT' [ZN,1
1848,EUJ41702,1
1849,086370-001,1
1850,CAPACITOR'CLEANERoy'P/N530999EMC2,1
1851,SWITCH ACTUATOR MICRO,1
1852,MERCURY,2
1853,D5810,1
1854,GV1-M07,1
1855,MODICON  [ZN],1
1856,POWER BOARD,2
1857,831-230 12 SLOTS,1
1858,PHOTOELECTRIC S50-PA-5-W03-PP,1
1859,BALLAST,3
1860,380 V,7
1861,380/415V,1
1862,PCB ,3
1863,IPDA2 [ZN],1
1864,MODEM CARD,1
1865,PM3,6
1866,ALLIS-CHALMERS,1
1867,GV2-ME05,1
1868,àÅÔ¡ [9],1
1869,TRANSISTOR ,3
1870,3BSE008544R1,1
1871, 7.5 KW/400V,1
1872,LC1D128D7,1
1873,ROTARY ENCODER MRE-G640SS062FAL,1
1874,"ORING 2-1/8"" X 1/8W EMOIII  VITON  ¹»·.",1
1875,INVERTER ACS800-04-0035-3,1
1876,95-185 MM2,1
1877,6 A  ,1
1878,33VL3725-2SS36-0AB1,1
1879,XAC-A9412,1
1880,MAGNETIC CONTAC 1SFL531001R8011-T1,1
1881,4 Pole,1
1882,6SE70318EF841BHO,1
1883,FX2N-16EX-ES/UL,1
1884, 90 KW/400V [S],1
1885,POWER BLOCK # 6SL3352-1AG37-4FA1,1
1886, àÅÔ¡[9],2
1887,AFE15F-IP4A,1
1888,3RV1042-4AA10,1
1889,FILTER,6
1890,RELIA [8],1
1891,AMMETER,9
1892,6SL3120-1TE28-5AA3,1
1893,ABB PB11,2
1894,400 A,8
1895,ITH60KA,1
1896,32 A,8
1897,0.2-0.32A,1
1898,COOLING,3
1899,AG626WSR,1
1900,OMRON [SENSOR],1
1901,CDU 1/4 HP PM310673,1
1902,1.6k {8},1
1903,SMC,1
1904,HU-482E-FS,1
1905,FOXBORO   [ZN],1
1906,RELAY UNIT,1
1907,LC1-D40D7,1
1908,PSM-A2,1
1909,ST«éÓ,1
1910,JPDC-P044,1
1911,CARBON BRUSH,51
1912,SIEMENS WP.3,5
1913,QO363VSC6T,1
1914,EPKJ 3252,1
1915,RELAYtransformerTRIP'SIEMENS'MVAA23 [N],1
1916,OD:20mm,1
1917,DM900HU  [ZN],1
1918,F/PM.3(8),1
1919,4000/1A15VAk1.1  [ZN],1
1920,MITSUBISHI {w},2
1921,PM.17,12
1922,SEW EURODRIVE  [8],1
1923,160A,4
1924,CS5F-200,3
1925,LY4N,1
1926,(2)X5X32X32 MM  [8],1
1927,EP14 [ZN,1
1928,16x10x28mm PB8,1
1929,61199/61136,1
1930,SIEMENS PB16,4
1931,POWERSUPPLYdcs'ABB'SA168,1
1932,TG6,1
1933,CARDdcsBUS'ABB'TB807,1
1934,25 LPS 5.15,1
1935,BUSSMANN,1
1936,A403706,1
1937,55-80 A,1
1938,3VL1712-2DD33- PB16,1
1939,no  [ZN,1
1940,SUNON,1
1941,SIMOV [ZN,1
1942,EPDM,2
1943,125VdcPB8,1
1944,"1/2""B=2""L=3.27/32",1
1945,ETK000011,1
1946,TAIYO,1
1947,DIODE''RM30DZ24,1
1948,3RT1036-1APOO,1
1949,METSO  {ZN},1
1950,POWERSUPPLY'SIEMENS'6EW18102AA  [wo],1
1951,E2E X7D1-N,1
1952,20 VAC,1
1953,2 P  [5],1
1954,250 A,3
1955,AAM50,1
1956,3TY75611R,1
1957,100 A,7
1958,6EW 1810-ZAA,1
1959,(2X10)X25X43 MM [8],1
1960,706364-51F {wo},1
1961,RESISTOR''TCBT5501250A,1
1962,DAITO,3
1963,ABB  [ZN],2
1964,CARD QCS SMI,1
1965,BULLUFF,1
1966,TL-N20MD2,1
1967,DML-053S,1
1968,OD:14mm,1
1969,0-400,1
1970,DO2001 COMMAND STATION F/PM.3,1
1971,SIEME PRO,1
1972,90MT160K,1
1973,CL50-8,1
1974,LOADbreakSWITCH''OETL1250K3,1
1975,DIGITAL OUTPUT 16DO DC24V,1
1976,1,2
1977,6SE7041-3EK85-0AD0-Z,1
1978,MM4XP,1
1979,EP9,2
1980,GOULD  {w},1
1981,PM.16,1
1982,MECHANISM [5],1
1983,W33-S4B1Q-5 ,1
1984,VOITH,1
1985, [N,1
1986,32TO45,1
1987,RELAY CURRENT,1
1988,NF50-HA,1
1989,FLOW,2
1990,V912ISD,1
1991,CARD QCS ELHV,1
1992,HITACHI,11
1993,HI-35E,1
1994,LC1D80008F7,1
1995,6DD1600-0AF0,1
1996,RMS 10A,1
1997,SEEKA/TAKEX,1
1998,P64112470-7GH1302 [N],1
1999,WFX05LB  ,1
2000,SRC-50-2U,1
2001,MYA-LA12,1
2002,GV1-M20,1
2003,VNET/IP INTERFACE,1
2004,MD01,1
2005,086444-004,1
2006,16A,4
2007,TR401E,1
2008,{wo},1
2009,187CON,1
2010,VIB [ZN,1
2011,LPJ-40SP,1
2012,3GA2 122,1
2013,TC512V1,1
2014,A50P80,1
2015,GCPR-K/315D/200KW,1
2016,"170M6163 ""BUSSMANN""",1
2017,F401399A,1
2018,019684-004,1
2019,IRgas (SET),1
2020,AMM40001 {w},1
2021,690 VCA,1
2022,KADANT U.K,1
2023,10  [wo],1
2024,60/1A,2
2025,EIC710 ISOLATE {ZN},1
2026,O/L,121
2027,2744788,1
2028,WireS:70mm,1
2029,6SL3120-1TR21-8AD0+ข้อต่อ,1
2030,2W    [wo],1
2031,S-N 10,1
2032,3VL1716-1DD33-0AA0 (30KW),1
2033,LAMP''3SX1701,1
2034,A1SX42,1
2035,QM300HA-2H,1
2036,CARD BASE UNIT,1
2037,SIEM.PM1(5),1
2038,LSPD-6D,1
2039,A70P700-4,2
2040,3UA55002R,1
2041,135-160A,1
2042,400,1
2043,NBR  ¹»·  [5],1
2044,125 V,2
2045,TH-K12 AB,2
2046,PM.3,2
2047,FUJI (10/PACK),2
2048,A1SJ71UC24-R2,1
2049,SPTU240R1 PROTECTION RELAY,1
2050,12-17 A,1
2051,STARTER,1
2052,PATLITE,1
2053,C200H-LK202-V1,1
2054,CARDdriveCONTROL'YASKAWA'JPDCC021 [ZN],1
2055,AH 30-P3B22,1
2056,CI1W-BC103,1
2057,FAST INPUTS INTERFACE CARD,1
2058,LEGRAND(Ê.20),1
2059,35-50A,1
2060,160 A,9
2061,White,1
2062,3GD1 120-2B,1
2063,W79054N1011M400,1
2064,S82K-03012,1
2065,AUTOMAX      {ZN},1
2066,CASIN GAVR ,1
2067,XB2BA42,1
2068,2.5-4A,1
2069,SW.FUSE 1SCA115641R1001-T ABB,1
2070,CP VALVE WITH ACTUATOR PM.17,1
2071,I/O BOARD,1
2072,1.6-2.5 A,1
2073,JPDC-P 042   [8],1
2074,250,1
2075,BULB'IZUMI'LH28,1
2076,TA614E CA10B,1
2077, EMOIII,5
2078,CARD CARRIER,1
2079,ZCK-M1,1
2080,PM3(8),1
2081,FUJI  [8],3
2082,BUSHING''HQA01AT001KE03,1
2083,ISOLAT SWITCH CA10-A441 [8,1
2084,FOR 30300SB    {ZN},1
2085,VARIABLE,5
2086,SIEME [5,1
2087,1250A(5),1
2088,A413212,1
2089,50A,3
2090,EMOIII  [SD],1
2091,CA 501,1
2092,3AY1510-OE  [8],1
2093,CARD APISSPI/926,1
2094,DM20,1
2095,{w},1
2096,3RV1042-4HA10,1
2097,MS4ASAP,1
2098,SIGNAL,4
2099,FUJI  [ZN],1
2100,3VL5763-2DC36-PB16,1
2101,IME18-05BPSZC0S,1
2102,3SA3040+3SA3270,1
2103,REX62A4,1
2104, 9.5 X 8 CM X 5 MM.,1
2105,PATCH CORD,1
2106,500 V,24
2107,2MBI150L120,1
2108,3GD12163B,1
2109,LC1-D09 M7,1
2110,SIEMENS(5)WP3,4
2111,086348-001,1
2112,3.6/7.2 KV,1
2113,RELAYaux''KEXRCD,1
2114,TELEMECANIQUE(8),1
2115,EPKJ3258 [5],1
2116,CARD ETHERNET,1
2117,AF750-30-11 (F8),1
2118,F.L.SMIDTH [8,1
2119,H3CR-A8E,1
2120,SKKT57/14E,1
2121,1SAJ929500R0185-T,1
2122,DC DRIVE -MAX,1
2123,BREAKER'ABB'M25TM2,1
2124,CA49C01,1
2125,RVH65B,1
2126,S8VM-05015C,1
2127,32,1
2128,LC1-D50A D7,1
2129,RELAYoverCURRENT'SIEMENS'SPAS348C  [N],1
2130,2LS1-J,1
2131,CARD FBM27 125V.EXPAN.IN/OUT,1
2132,3RV1021-1GA10SIEM PB16,1
2133,DRIVE-UNIT WITHOUT ELECTRIC MOTOR,1
2134,TD602,1
2135,2.4-25A(8),1
2136,32-45 A,1
2137,RELAY SYNCHROCHECK,1
2138,32-40A  [8],1
2139,1538-A-54-H04   {ZN},1
2140,MSENSORQCS  [5],1
2141,/ S8VS-03012,1
2142,380V,2
2143,AMPLIFIER,2
2144,VARIABLE RHEOSTAT,1
2145,BREAKER CIRCUIT 1SDA054441R1-T ABB PM17,1
2146,G85F294232   {ZN},1
2147,AON2F10B,1
2148,R7D-AP08H,1
2149,TIMER''490055,1
2150,20 MF,1
2151,3RV1021-4AA10 (3 KW),1
2152,INVERTER ACS800-04-0260-3,1
2153,6SE7036-1EE85-1AA0-Z,1
2154,1SAJ240200R0050-T,1
2155,TW400V.,1
2156,6ES5 701-1LA12,1
2157,A6D175R,1
2158,LOW ILPS-027E067E(PA37),1
2159,SR405,1
2160,3UA6240-2W,1
2161,191487,1
2162,PB.11(5),2
2163,CARDdcsIF'ABB'C1522AK02,1
2164,35A,2
2165,DC MOTOR CTRL,29
2166,CARDdrivePOWERSUPPLY 57C493    {ZN},1
2167,132 KW,1
2168,XCK-M110,1
2169,OFD-6B50B,2
2170,RH65/55,1
2171,3VE1000-2G,1
2172,HITACHI   [5],1
2173,3VL7710-2AB36-0AE1 PB16,1
2174,300 V,3
2175,WEBER,2
2176,3RP15131AQ30,1
2177,CT'SIEMENS'4MA72XC12/25/75KV,1
2178,SIEMENS  [N],4
2179,C630L3P630 ,1
2180,«éÓãªé75032753442,1
2181,RM2SU,1
2182,18-25A,1
2183,15KW),1
2184,DUD005800,1
2185,TELE(5),1
2186,DR30DOL-M4Y,1
2187,1250,1
2188,BFF62F,1
2189,7  [5],1
2190,SUPPORT,1
2191,S82H-1005,1
2192,12-250 VDC,1
2193,TTC641486AH25,1
2194,  {w},2
2195,CT'KWK'GSA170/90.72/3KV,1
2196,1183695,1
2197,EMOIII,13
2198,CARD ELECTRONICS,1
2199,3RT1056-6AP36,3
2200,ENE1436-0,1
2201,MODICON   [ZN],3
2202,ETX 002940,1
2203,JKS500,1
2204,3NE4334-OB,1
2205,RELEC,1
2206,8 A,2
2207,MITSUBISHI   [8],1
2208,ADV151-P50 [5],1
2209,DD410403-24AC,1
2210,SK6000A10,1
2211,SBB822 RECHAREABLE BATTERY [5],1
2212,ISOLATING AMPLIFI.,1
2213,UMC100,1
2214,SWITCHDIGITAL,1
2215,270H338 ,1
2216,MODULE POWER SUPPLY,1
2217,3VS1300-1MG00,1
2218,AMI1000,1
2219,SIEME [w],1
2220,ASEA,9
2221,3SX3102,1
2222,MATSUSHITA ELECTRIC {9},1
2223,3BSE008546R1,1
2224,6DD1681-0AG1,1
2225,AR30-FOR-10G,1
2226,S-N 25,1
2227,KHL-HP6 DC,1
2228,SEMICON.'SIEMENS'TY/D13SKKH57716E  [ZN],1
2229,3RX8000-DCC32-1AFO  [SD],1
2230,SWITCH DIGITAL 9015-4,1
2231,B100,1
2232,COMP. R-407C-24000,1
2233,706364-12RD,1
2234,3TF4211-OXPO,1
2235,E2E-X3D1-N,1
2236,AH30FG11,1
2237,FL SWITCH SFN 4TX/FX,1
2238,S82J-02505D,1
2239,1000 AT,1
2240,3BSE050198R1,1
2241,230212-VLE-2,1
2242,ENE1022-0,1
2243,H-2-KS,1
2244,3TH4031-OBF4,1
2245,0.63-1 A,1
2246,90155,1
2247,CT'SIEMENS'KSO2024,1
2248,MK/BF22 ,1
2249,OVER CURRENT,1
2250,100-125AT,1
2251,BTG,1
2252,DIGITAL INPUT 16DI DC24V,1
2253,125 VAC,4
2254,6ES5 314-3UA11,1
2255,3VL3725-2DC36,1
2256,3TH40 22-OBF4,1
2257,110V,1
2258,10A  [8],1
2259,63AT,1
2260,SUPPLY CARD,1
2261,NF63HW/16,1
2262,TTF401509AH50,1
2263,A70P8004,1
2264,SEMIKRON  [8],2
2265,TRANKtapDCS'ABB'TC506,1
2266,SPAU 110C-AA,1
2267,SF500U27 6B,1
2268,Booter Relay'FAIR CHILD'Z19622208102 [5],1
2269,SN35,1
2270,ETJ. 00145,1
2271,3RH1921-1FA22,1
2272,RDCO-03C(8),1
2273,DA54,1
2274,1A-2010-ABOA,1
2275,120VacVdc   [ZN],1
2276,7.2/3.6KV,2
2277,TEMP.Control.OMRON,1
2278,50A660V22x58[N,1
2279,125 A,7
2280,ETV700 0-300C,1
2281,CARD-FIELDBUS,1
2282,FUSE''LPJ20SP,1
2283,TH-N20TAKP,1
2284,DD0203,1
2285,5JSN,1
2286,75/1A,1
2287,INTRON,1
2288,16X40X40 MM [8],1
2289,CARD IO,1
2290,A1S61PN,1
2291,CONTROL UNIT,1
2292, 11 KW/400V,1
2293,J9019B,1
2294,250 VAC PM.1,1
2295,500A,4
2296,690V(8),2
2297,S203M-C40,1
2298,CIMR-G7A40P7,1
2299,RT-200E-R,1
2300,GV1-M14,1
2301,EP/E1-3V-MH-VK-S4 [ZN],1
2302,RH80/68,1
2303,P2RF-05-E,2
2304,ROTARY,10
2305,3UF7300-1AU00-0,1
2306,(E3Z-D61 2M) OMRON,1
2307,HU-431E-S,1
2308,0.6W28V,1
2309,(2X5)X20X32  [8],1
2310,MONTELEC [9],1
2311,NOHKEN *UR,1
2312,CAL811,1
2313,12 V,1
2314,CPU MELSEC Q02,1
2315,RED,5
2316,250VAC,1
2317,MODULE RTAC-03,1
2318,CS10F-630,1
2319,ELEC,91
2320,APN 128W,1
2321,P83000053,1
2322,3UF7000,1
2323,6SE7021OEA841HF2,1
2324,6ES5 243-UA15,1
2325,6SE70317HH841HJO,1
2326,TH-N 20KP,11
2327,S-T50 COIL OPERATED [8 ���],1
2328,100/110 V,1
2329,5W10/220,1
2330,3BSE018135R1,1
2331,40X16X12.5 PM3,1
2332,6ES7223-1PL22OXA8,1
2333,50HZ,1
2334,87419544,1
2335,6.3 A,1
2336,TAMAGAWA,2
2337,THYRISTORdrive'YASKAWA'SF500U27,1
2338,ZB2 BE102 (NC),1
2339,3TF48 22-0A,1
2340,G85F25072-25 [ZN],1
2341,0.25-0.4  [5],1
2342,3RV1021-0CA10 PB16,1
2343,CT'SIEMENS'4MA74XC24/50/125KV,5
2344,0-30,1
2345,3RG6015-3AD00,1
2346,ADV551-P50 [8],1
2347,MDSKSRS 036-13,1
2348,QM150DY-2H,1
2349,200W,3
2350,3RB10661GGO,1
2351,CARD H-2-KN 1 131 711,1
2352,WP.1,2
2353,STR000171 {9},1
2354,18-26 A,2
2355,3TX7004-1LB00,2
2356,3 A,3
2357,EXPANSION CARD F/INVERTER VW3A3201,1
2358,63-90 A,1
2359,10-30VDC,1
2360,A413191,1
2361,A75 30 11,1
2362,MITSUBISHI ซ้ำ [8],1
2363,AUTO SAMPLING,1
2364,A63 30 11,1
2365,JBAMA017,2
2366,RELIANCE ELECTRIC,1
2367,130100-012,1
2368,AMMETER ,2
2369,8941001  ,1
2370,DGC-1,1
2371,CCZRCS250D3,1
2372,6219/C3 WP.1(F),1
2373,V.I.B  [wo],1
2374,SUNX,1
2375,NEC,4
2376,FRAME 254T 1450R,1
2377,110VswGEAR67,1
2378,100-200 A(5),1
2379,3BSE008536R1,1
2380,3RT1034-1AP00,1
2381,DRIVERbaseDRIVE ETC792:JPAC250  [ZN],1
2382,3RV1021-1EA10SIEMEN PB16,1
2383,AAI143-H50 [SD],1
2384,SURVO MOTOR,1
2385,RELAY FEED PROTECTION REF615 ABB,1
2386,TOSHIBA(ZN),1
2387,ABB [ZN],2
2388,3RT 1275-6AP36,1
2389,CALY (50PCS/PACK),2
2390,RELAYearthLEAK'HIKRI'LEG173LS,1
2391,TB805 BUS OUTPUT,1
2392,DoubleCUTT {8},1
2393,YOKOGAWA',3
2394,3.5-5 A,1
2395,AUTOMATPM16(5),1
2396,BGU,1
2397,XS4-P30 PA370,1
2398,2.5-4    ���[9],1
2399,DRV,5
2400,W/P#6,1
2401,JBAMC0101,1
2402,VK-202A1,1
2403,AR22FOR-11G,1
2404,IISP-AC12 WITH BOX  [SD],1
2405,230 VAC/DC,1
2406,XSA-V11801,1
2407,MOTOR PROTECT SWITCH TS 12.5 A 3FPM16(5),1
2408,3TF6844-OCM7,1
2409,THERMISTOR,1
2410,SIEMENS[8,1
2411,XEN-L1111 (NO),1
2412,SUMI  [5],1
2413,220,8
2414,CONTROLpanel'KRAFT'EMA1,1
2415,AXF050G-PNAH1S-AJ11- [5],1
2416,LEGRAND,2
2417,3TF4722OXPO,1
2418,3VU 1640-1MK00,1
2419,3TF2010-OAMO,1
2420,110 VAC,4
2421,300,1
2422,REFRIGERANT R407C,1
2423,32X50X16MM.,1
2424,SIEMENS  [5],26
2425,500 A,8
2426,400 W,2
2427,57C409,1
2428,AGC,1
2429,POWERSUPPLYdcs'ABB'SR511,1
2430,1.6-2.5 A.,1
2431,TRANSDUCER  CURRENT CT-95,1
2432, MD-TECH (KB-15),1
2433,90-120A [5],1
2434,TOUCH,2
2435,0.6-1 A,1
2436,6/12 KV,1
2437,POWER SUPP. CARD,1
2438,NF63HW,2
2439,AP8M122WNP,1
2440,300/5A25KA,1
2441,FUSEdcs'HITACHI'SMP32,1
2442,MINIATURE SWITCH,1
2443,SKN 4/40-1 HS3,1
2444,"BEAM SENSOR ""SUNX"" NX71D(VF-M10",1
2445,3VL6780-2AE36-PB16(5),1
2446,VS-505WII,1
2447,T3S,2
2448,APKT24C1XI [5],1
2449,3RH1911-1HA22,1
2450,TTF401397AH125,1
2451,CARD AI,1
2452,B24222,1
2453,AM8033-OE20,1
2454,SAMI500,2
2455,6ES5 420-7LA11,1
2456,(2X10)X32X40 PM3,1
2457,CASEM CANNED MOTOR PUMP,1
2458,SW/GEAR PROCESSOR CARD,1
2459,K22E,1
2460,POWER UNIT Q61SP,1
2461,S-N 21,1
2462,CARD-DI,2
2463,SW-O,1
2464,LM80B/15A ,1
2465,PLUG MALE,1
2466,LR1D09306,1
2467,35CM.DIA.3(5),1
2468,3 P,1
2469,3RB1056-2FWO,1
2470,MG 100 G2CL1,1
2471,FOIL QCS,1
2472,35-6,1
2473,6.6KV    [ZN],1
2474,7   ,1
2475,706364-11AA {wo},1
2476,57C411 [wo],1
2477,220 VAC  [5],1
2478,8400,1
2479,SIEME PB16,5
2480, 3 KW/400V,1
2481,2 A,3
2482,A413330,1
2483,AR30 EOL-01M4R,1
2484,NC LENGTH=6M[S,1
2485,SKKE 81/12,1
2486,"SMART TOUCH PANEL 7"" FGI",1
2487,EPKJ 3253 [5],1
2488,WireS:300mm,1
2489,DRIVE CARD-MIN,1
2490,6ES5 306-7LA11,1
2491, EP9,1
2492,SN 35,1
2493,16X32X40 [8],2
2494,ETC003371 {ZN},1
2495,COMP. R-407C-45200,1
2496,MITSUBISHI,73
2497,24 VDC,10
2498,H7ET-FBV,1
2499,16 A,6
2500,63 A,5
2501,PIN B22632,1
2502,SIEMENS  [5]«éÓ,1
2503,NF63 HA,1
2504,EH-16E-22E,1
2505,MCC95-16I01,1
2506,YASKAWA  [ZN],10
2507,3VT7200-0BT00,1
2508,FUSE HRC LINK OFAF000H35,1
2509,706364-51RBA,1
2510,6DD1670-0AFO,1
2511,DCVR-1A,1
2512,SKR115AP. 532296 àÅÔ¡¼ÅÔµ [9],1
2513,SURGE PROTECT,5
2514,BREAKER'WESTING'MEM,1
2515,SN220,1
2516,1.3(1-1.6A),1
2517,ETC009720,1
2518,OD 230.7 MM [5],1
2519,ITH6KA,3
2520,9AB4141 4FB,1
2521, àÅÔ¡¼ÅÔµ{9},1
2522,GAS,2
2523,FLOPPY DRIVE 319-025-312 {w},1
2524,450A,2
2525,MG 50 G2CL3,1
2526,CUNV/IF,1
2527,RELAY ,1
2528,12A,1
2529,THYRISTOR 'UK' N28LCH2 HIJ 9640  [ZN],1
2530,AAM10,1
2531,TERMINAL BOARD,1
2532, EGC4A-10422-01,1
2533,20 A,6
2534,3RV2042-4JA10,1
2535,SEAL,2
2536,4,2
2537,R7D-AP04H,1
2538,BASE UNIT MELSEC Q65B,1
2539,706364-52RL {9},1
2540,ABB  [SD],3
2541,PROFIBUS-DPV1 MODULE,1
2542,017-4703,1
2543,WireS:120mm,1
2544,MC-2009B,1
2545,24V/5V,1
2546,400 VAC,2
2547,AP8M122RNP,1
2548,MC-2003,1
2549,SAFT 174 PB11 (5),1
2550,P.8464150001,1
2551,KNICK [wo,1
2552,TTC6415450AH35,1
2553,16-20,1
2554,1250 V,1
2555,CA/2NV/I,1
2556,CIMR-G7A2015,1
2557,CR6L-200,1
2558,qcs [5],1
2559,DISC,1
2560,RELAYcontactLED'',1
2561,RELAYoverCURRENT'ABB'SPAJ141C   àÅÔ¡¼[9],1
2562,15,1
2563,N48,14
2564,SW.FUSE 1SCA114581R1001-T ABB,1
2565,SWGEAR,4
2566,P115119A,1
2567,Q110/V3,1
2568,EP14[Z,3
2569,ENCODER OVW2-06-2MHT/600P/R,1
2570,JBAM-D001,1
2571,CT'KWK'GSA260/2000,1
2572,AC DRIVE 380A,1
2573,DRT2-OD16,1
2574,ADV161P01,1
2575,BANNER,3
2576,50-250A [5,1
2577,AS-BDEP-216,1
2578,AC POWER CONTACTOR 25C230V56,1
2579,10-1-1157,1
2580,HQA01AT001BQ02  ,1
2581,26,1
2582, EP14  [ZN],1
2583,Compact PM#5,1
2584,SM30SRL,1
2585,SWITCH,10
2586,3RB2066-1GC2,1
2587,PBA300F-24-C,1
2588,3.6/7.2,2
2589,V633/4,1
2590,    {8},1
2591,YASKAWA àÅÔ¡¼ÅÔ[9],1
2592,3VL4731-2DC36-PB16,1
2593,50 A,10
2594,JRMSI-MB 60,1
2595,AR22FOR-11R,1
2596,50-70 MM2,1
2597,RS232C COMMUNICATION,1
2598,POWER  [ZN],1
2599,G85F40356-2  [ZN],1
2600,3RV1021-1FA10(0.75KW) [5,1
2601,3TY75200A,1
2602,HPT833 60A [ZN,1
2603,CARD PROTECT RELAY,1
2604,TTF400788AH25,1
2605,1756-PA75,1
2606,BS010E,1
2607,IN 4-20,1
2608,BREAKER CIRCUIT 1SDA050951R1-T ABB PM17,1
2609,IDEC [10 pcs/pack,1
2610,ABB [SD],2
2611,3TB4017-OAMO,1
2612,600/5A25KA,1
2613,2X(32X40X10)MM(8),1
2614,รอ{9},1
2615,      {wo},1
2616,1.7-2.5A,2
2617,MITSUBISHI(8),2
2618,JPDCC049,1
2619,ABB PB11 (5),1
2620,DRIER AIR CONDITIONER,6
2621,AB6H-A2W,1
2622,6ES7323-1BLOO-OAAO,1
2623,3VU13000-1M D00,1
2624,BASE UNIT MELSEC Q312B,1
2625,CARD PHASE ANGEL,2
2626,P0500SR,1
2627,2W,1
2628,6DD1640-0AD0,1
2629,HIGH IHPS-395K0295K(PB39),1
2630,(5)PB11,1
2631,SA50,1
2632,JAMSC-B2733,1
2633,CARD DO,3
2634,SIMOVERT {ZN},1
2635,EMOIII A21955   set[9],1
2636,WLNJ-2 +PART (SC-P2) JAPAN ONLY,1
2637,3TH2280-OBF4,1
2638,YASKAWA  [N],1
2639,03-1-0001066 {210P/¤ [5,1
2640,LC1-D6511D7,1
2641,128819-001,1
2642,ACT ELECTRIC,1
2643,FG8,2
2644,POWER MODULE FOXBORO PB#14 [ZN],1
2645,CMS056,1
2646,ADV569-P00 [5],1
2647,3VE3000-2NA00,1
2648,TRANSDUCER,13
2649,14 MA,1
2650,LEPD-2,1
2651,3TX4490-3[ZN,1
2652,UNIT MOS 220-240V PM.16(5),1
2653,10KA,2
2654,HI-100 E2,1
2655,ZR28K3E-PFJ,1
2656,LC1-D65F7,1
2657,H3BG8H31 WITH SOCKET,1
2658,3TH20 22-OAPO,1
2659,CARD OUTPUT,6
2660,LC1D150F7,1
2661,SWGEAR  [N],1
2662,S-N125,1
2663,SPROT LIGHT,1
2664,TIMER,4
2665,JRMSI-MB 70A,1
2666,PRESSURE CONTROLLER ZERO D500/7DK,1
2667,OMRON  [5],11
2668,AUTOMAX   {ZN},1
2669,CARD DCS AI,1
2670,SIEMENS àÅÔ¡[9],1
2671,SHINKAWA,2
2672,0801002-S-2,1
2673,356,1
2674,WLNJ,1
2675,PCB,92
2676,LCR999001,1
2677,40 A,1
2678,3RV-1042-4DA10,1
2679,SAFT 188 (ZN),1
2680,TD2703,1
2681,3BSE013235R1,1
2682,6SL3120-1TE23-0AA1,1
2683,3TH4013-OBF4,1
2684,JP-DC-P030,1
2685,HE08,1
2686,MOELLER,1
2687,CARD SERVO,1
2688,TTF401419AH35,1
2689,24 VAC,1
2690,40X32X20 MM(8),1
2691,RH18/0.37A,1
2692,3RV1021-1KA10(2.2KW),1
2693,SW.PHOTO ELECTRIC,2
2694,D-A54,1
2695,3TX4404OA,1
2696,532465  [8],1
2697,FORMAT,1
2698,M-SYSTEM,2
2699,CARD MODULE RESISTANCE/TEMP CON.,1
2700,706364-51AA,1
2701,6SL3120-1TE26-0AA1,1
2702,(5),153
2703,AC,6
2704,CARD PIO INTERFACE,1
2705,130095-001,1
2706,TELEMECANIQUE [5],3
2707,3NA38308B,2
2708,E3JM-10M4,1
2709,3VE4200-0CT00,1
2710,6SY9084  [8],1
2711,690 VAC,1
2712,SF250V27,1
2713,'6SE70318EF841JCO  [wo],1
2714,22 KV [Y,1
2715,DIODE,12
2716,C200H-AD002,1
2717,7,2
2718,3RP15051BP30,1
2719,WIRE/FELT GUIDE DETECTOR HEAD PM.17,1
2720,FUSE HRC LINK OFAF000H25,1
2721,STROM.PB11(8),1
2722,660VAC,1
2723,CPU DRIVE CARD,1
2724,YOKOGAWA    [5],1
2725,[3BUS 210387-101] [SD],1
2726,EMOIII   ¢ÒÂ·Ñé§ Set [9],1
2727,60/1A6KA,2
2728,PLUNGER,1
2729,TELEMECANIQUE,24
2730,CARD CONTROL,1
2731,32A,4
2732,3RG4023-OKB0,1
2733,600 VAC,1
2734,PHOTOCELLS ISD300-6211,1
2735,PROFACE,1
2736,CAP21,1
2737,2.8-4A,1
2738,SIEMENS {ZN},1
2739,TOSHIBA [ZN],1
2740,P84160221-1GH1302,1
2741,B200,1
2742,MAGNETIC CONTAC 1SFL491001R8011-T1,1
2743,(2X8)X25X35 MM [8],1
2744,7.2 KV,9
2745,40X32X16 MM PM3,1
2746,PLC ,1
2747,A70P1000-4,1
2748,1SAZ211201R2045-T1,1
2749,PB#9,3
2750,SPAJ110C [8,1
2751,ETV700 0-1200C,1
2752,AMSC-B2605 V,1
2753,FIELDbus [8],1
2754,150P 6SP 5411-489,1
2755,JKS50,1
2756,TU831 EXTENDED,1
2757,WLNJ+WITH PART(SC-P2)JAPAN ONLY,1
2758,JAMSC-B2603 V,1
2759,24-240 VDC ÃÍ[9],1
2760,OMRON   [8],1
2761,2828015,1
2762,A110-30-11 (F4),1
2763,5A250VAC,1
2764,CARD PG,1
2765,RAIL WIPER,1
2766,HCCE3XU02CY,1
2767,A1SY22,1
2768,PWT,3
2769,HENGSTLER,1
2770,3TF-5022-OXPO,1
2771, [Z,1
2772,JAMSC-B 2742V,1
2773,JAMSC-IF61V,1
2774,TOSH,1
2775,SPAM 150C,1
2776,MOTOR,43
2777,3TB4222OXPO,1
2778,5SL6163-7CC,1
2779,CONTACT,73
2780,500V,3
2781,FUSE 2102-15,1
2782,G/M,1
2783,3NO+3NC   [9],1
2784,CARD-PROFIBUS,1
2785,0.9-1.5A,1
2786,TTF401414AH20,1
2787,STRAPACK,1
2788,THMC3161,1
2789,220VAC,1
2790,50/60 HZ.,1
2791,A50-30-11 (F3),1
2792,0.7-1A,1
2793,300 VDC,1
2794,DDSCR-GL60V,1
2795,NPSB-X,1
2796,THYRISTORdrive'YASKAWA'SCR000197  [ZN],1
2797,P8300052,1
2798,E3JK-4S3 OMRON(5),1
2799,ACB4000A,1
2800,MCB ,1
2801,TTF401676AH30,1
2802,FUSE'SUPER FLINK'3SE7vde0636ice269,1
2803,SCREWSET'LG',1
2804,170M2666,1
2805,0804005S,1
2806,46S02489-1010,1
2807,50 HZ,3
2808,DC DRIVE,4
2809,SIEM PB16,7
2810,LB1010T,1
2811,PLATE RETRAINER,1
2812,XB2BA21,1
2813,6ES7321-1BH02-OAAO,1
2814,20,3
2815,3AP1FG,1
2816,GV1M21,1
2817,P420,1
2818,0.7-1.1A,1
2819,INK JET CABLE DATALINE IJDTL13 40'(12m.),1
2820,3RN1010-1CW00,1
2821,FC6401670A,1
2822,PM1,5
2823,SYSMAC [8],1
2824,AEG  [5],1
2825,MM3XKP,1
2826,"1032*3/8""EMOIII",2
2827,ON-OFF-ON,1
2828,MS4SC-AP,1
2829,TH-K60TA,1
2830,Power Supply 'ABB' SPTU240S1,1
2831,A413016,1
2832,MODICON [ZN],1
2833,LC1-D25D7,1
2834,6ES5 304-3UB11,1
2835,ZB2-BE102 (NC),1
2836,5762,1
2837,3RV1321-0JC10,1
2838,FUSEtrigger''FNTA1F,1
2839,P0902BP,1
2840,SW,155
2841,D11SP6FPQ,1
2842,'6SE70312HF841BGO [ZN],1
2843,RELAINCE  {ZN},1
2844,DRYER FELT GUIDE DETECTOR HEAD PM.17,1
2845,POWER DIODE,3
2846,FU 000896,1
2847,6.3-10 A,1
2848,PROFIBUS MELSEC QJ71PB93D PM1,1
2849,FIBERopticCABLE'ABB'TK811V015,1
2850,6SC9830OHJ10,1
2851,ABB PM1 (5),1
2852,65-100 A,1
2853,BUSSMAN(5),3
2854,E2E-X10D1S-M1,1
2855,DRT2-AD04,1
2856,AA30,1
2857,1250 A,1
2858,BANK MELSEC QG60,1
2859,ULTRAVIOLET LIGHT S2Q-PA 220V 50HZ,1
2860,3TF55 22-OAPO,1
2861,MAGNETIC  ,2
2862,DISCT-J2078,1
2863,MOTOR'VOITH',1
2864,TIF401394AH100,1
2865,RELINCE  [wo],1
2866, 24VDC,1
2867,3BSE022366R1,1
2868,FLOATARM'',1
2869,POTENTIO ,1
2870,ERZU23JP162F,1
2871,3RV1021-1KA10,1
2872,CALY (50PC/PACK),1
2873,AUTOMATIC PM16(5),1
2874,RACK I/O FOR IPU POWER,1
2875,P0500RY,1
2876,ER2110SDA ,1
2877,TH-K20TA,1
2878,AI820 ANALOG,1
2879,E2EX4MD1,1
2880,WLCA2,1
2881,3GC2148,2
2882,A413310,1
2883,1 MM,1
2884,8-12 A [5],1
2885,INTER LINK  [5],1
2886,3RB 1066-1GGO,1
2887,LR2-D 1307,1
2888,FUJI {w},2
2889,70MM 2HIGH VOLT,1
2890,1.4/10,1
2891,3RT1076-6AP36,1
2892,DIODE ELEMENT(8),1
2893,BEAM SENSOR SUNX PANASONEC EQ-501T,1
2894,60-84 VDC,1
2895,DIGITAL SPEED METER'',1
2896,CARD ETHERNETCI545V01,1
2897,TCBT5501250A,4
2898,H3CR-F8,1
2899,104 WATT  [5],1
2900,controlBOX'',1
2901,SWITCH NETWORK,1
2902,VAHLE,3
2903,6ES7221-1BH220XA0,1
2904,3NA3136,1
2905,GE283,1
2906,CAP NUT,1
2907,200,1
2908,MAGNETIC CONTAC 1SFL471001R8011-T1,1
2909,TELE.,1
2910,VM-3D2/21B2021129,1
2911,6ES5 441-7LA13,1
2912,LC1-F185D7,1
2913,32X41X16 MM  [N],1
2914,TTF401415AH25,1
2915,3VL1703-2DD33-OAB1,1
2916,REX521,1
2917,3NE1447-2,1
2918,LIMIT,39
2919,FERRAZ(5),1
2920,SAFT PB11 (5),1
2921,TRIGGER,1
2922," ""COSEL""    ÃÍmin",1
2923,8 CHANNEL DIGITAL EL1008,1
2924,2,1
2925,(2x5)x20x32 [8],1
2926,6 PLUSE BRIDGE,1
2927,JP-DC-C036,1
2928,3VE3000-2JD00,1
2929,7-10AT,1
2930,QA-81,1
2931,THERMOSTAT''EMB4,1
2932,CARD DcsCPU 'ABB' PM511V16,1
2933,3000A40KA(5)PB11,1
2934,EK165S,1
2935,INST,8
2936,XPS-AC5121,1
2937,BRUSH PRESSURE SPRING,1
2938,ABB SAMI 500F660(8),1
2939,CT'CELSA'IBG10,1
2940,SIEMENS ��ԡ��Ե[8],1
2941,PM866K01 CPU,1
2942,RH35/42,1
2943,D200537  [8],1
2944,FU000680,1
2945,32X45X25 MM [5],1
2946,COIL,18
2947,SC-05,2
2948,BW32SAG-3P,1
2949,S-N65,1
2950,SC-0,1
2951,57C423,1
2952,ALLEN  [8],1
2953,PM17,25
2954,3RV1341-4JC10(30KW),1
2955,CIMR-G7A45P5,1
2956,SIEMENS *UR,2
2957,M03407,1
2958,15462,1
2959,1756-A7,1
2960,TB810,1
2961,SEMIKRON,1
2962,1-1.6 A,4
2963,E6B2CWZ6C,1
2964,MOTOR BRAKE,1
2965,13,1
2966,RH18/0.55MP,1
2967,ELEC.CHANICAL BRAKE,1
2968,MCB,20
2969,71-141-115-501,1
2970,BS001E,1
2971,315 A,1
2972,7022AH,1
2973,PATAM3K45,1
2974,CARD-ETHERNET TOFIELD BU,1
2975,FWP-500A,1
2976,I/F UNIT,1
2977,1200A40KA,1
2978,SUNX  [N],1
2979,R2E175-AC91-05,1
2980,FUJI  [5],3
2981,ENCODER,10
2982,800 VAC,2
2983,3TB4417-0AM0,1
2984,YOKOGAWA [9,1
2985,ZR68 KCE-TFD*U,1
2986,97 WATT [5],1
2987,3RT1064-6AP36,2
2988,COMMON MEM CARD,1
2989,RELAYS COUPLING,1
2990,3TH4031-OBB4,1
2991,E2EF-QX12D1,1
2992,265,1
2993,CARDdcsCONVmodem'ABB'TC514V2,1
2994,H10C,1
2995,"SOLID STATE SW ""SMC"" D-Y7BW",1
2996,LWT-13AO-H,1
2997,SN-125,1
2998,CARD QCS MPRC,1
2999,5-30VdC PM1 (5),1
3000,CARD PAC710 HITACHI DCS   [ZN],1
3001,PROXI,42
3002,6SY9685,1
3003,AF100 [5],1
3004,"""COSEL""  [5]",1
3005,50-10 (20PCS/PACK),1
3006,NF400-SP,1
3007,JAMSC-B2732,1
3008,700ACSP,1
3009,SIMADYN INTERFACE,1
3010,G2R-1-SN,2
3011,MD-TECH (MD-67),1
3012,250-315AT,1
3013,17-22 A,1
3014,QUINT-PS/1AC/24DC/10,1
3015,NF800SEP  [5],1
3016,3UA5900-2M,1
3017,4.5-6.3 A,1
3018,S-N220,1
3019,3TY7470-OX,1
3020,JCL-3R,1
3021,SOLENOID,4
3022,MARUYASU,1
3023,4&13,1
3024,TRANSFORMER 200/5/5/5 P/M#6&7 [ZN],1
3025,ABB PM17,5
3026,ETJ. 001060,1
3027,800T-J42C9,1
3028,R7M-A40030-S1(5),1
3029,AH 30-P1B22,1
3030,P83100827A,1
3031,TH-N12 AB,1
3032,XEN-G1191,1
3033,690V(5),1
3034,JAMSC-B2507AV,1
3035,SAKAC,1
3036,PUSH BUTTON,38
3037,57413-1B EG236   {ZN},1
3038,THYRISTOR''EMV12,1
3039,HOLDER'SIEMENS'3SB19021A,1
3040,220/240V,1
3041,40x32x20MM PM3,1
3042,PROCESSOR TYPE BASIC,1
3043,CR2L-260,1
3044,2200W,1
3045,JAMSC-B2602AV,1
3046,3TF52 22-OAPO,1
3047,CALY,1
3048,3/7.2 KV,2
3049,CMZ MM8615699.1010,1
3050,CARD ACS355-03E-12A5-4,1
3051,DMP640,1
3052,FERRAZ,1
3053,10B,1
3054,(2X6.25)X32X40 [8],1
3055,POWER MODULE FOXBORO PB#14 {ZN],1
3056,Power Supply 'ABB' SPGU240A1,1
3057,3BSE0132,1
3058,WIREEMITTING'',1
3059,LA1-D11,1
3060,CP461-50,1
3061,LOCK WASHER A15453,1
3062,XSA-V11373,1
3063,0-1000,1
3064,46S02948-1210  [ZN],1
3065,SN-35,1
3066,57C402,1
3067,POTENTIAL 4MR1443-OBP30 {ZN},1
3068,METSO ACN CS-DC SUPPLY,1
3069,K91P  [5],1
3070,NF630SP,1
3071,CARDdcsFBC32'METSO'A413075,1
3072,1200 A,2
3073,C161L3 PB11(5),2
3074,CONTROL,6
3075,STEP MOTOR,1
3076,TURN ON AT ABOUT 32 LX,1
3077,NETWORK INTERFACECARD,1
3078,HGFO-978-C-Y3T,1
3079,2.8-4AT,1
3080,3VL1710-2DD33-0AA0 PB16,1
3081,1756-CNB,1
3082,CARD DRIVE NETWORK COMM [w,1
3083,FUSEhrc'HICAP'NH1,1
3084,3SE6100,1
3085,RING''A21915,1
3086,PHOTO SW,21
3087,3VU2931-48,1
3088,IF5597,1
3089,AVN 302 N-R ,1
3090,POWER METER,1
3091,B-38631,1
3092,45 KW,1
3093,WATER,1
3094,PLC ACC,22
3095,LAMP ,1
3096,3UA5940-2A,1
3097,170L8814,2
3098,CARD ETHERNET COMMUNICAT CP243-1IT,1
3099,CARD AI/AO,1
3100,POWER SUPPLY 6ES7307-1EA01-0AA0,1
3101,087147-002,1
3102,3RV1321-4CC10 (11KW),1
3103,SB68176,1
3104,CT'RITZ'K0520,1
3105,NEMIC-LAMBDA,2
3106,A70P25-1,1
3107,3SE 3 020-0A,1
3108,16X32X40 MM [8],1
3109,MAGNETIC CONTAC. 1SBL241001R8010-T1,1
3110,Auto Stratcher Drive Unit without Gear,1
3111,COOLING FAN,1
3112,A413135,1
3113,TH-N20,5
3114,101935-208,1
3115,LAMP,15
3116,REES'R251180,1
3117,E3S-AT11,1
3118,1.8/10A250V,1
3119,70-0-511,1
3120,E32-D51,1
3121,PTF-14A,1
3122,RELIANCE ELECTRIC {ZN},1
3123,150 A,6
3124,DISPLAY OPERATING UNIT,1
3125,SIEMENS  [8],3
3126,8RM3300-1DA  [ZN],1
3127,ROLLER LEVER'SIEMENS'3SX3102,1
3128,P405,1
3129,FILMwindow'ABB'TLK8,1
3130,GOULD SHAWMUT [5],2
3131,CARDdcsCPU'METSO'A413005,1
3132,CABLE ACC,2
3133,POWER SUPPLY TYPE:CP-SNT-300W,1
3134,(2)12.5X16X35.5 MM,1
3135,GOULD SHAWMUT(5),2
3136,SAFT 132 CBS,2
3137,MC-2001,1
3138,122PAC,1
3139,70 - 120 MM2,1
3140,258,1
3141,DEEP GROOVE,2
3142,รอข้อมูล [ZN],1
3143,COMMUNICATION MODULE CM PDP24,1
3144,6SL3352-1AG37-4DA1,1
3145,16-6,1
3146,6ES5 373-1AA61,1
3147,GS009,1
3148,3RG4013-0KBOO,1
3149,S-N35,1
3150,POWER SOURCE CARD/BOARD,1
3151,FUSE MCC (10PCS/BOX),1
3152,3RV1031-4FA10(7.5KW)  [5],1
3153,6800MF,1
3154,CONTACTOR  LAD-N22C 690V 10A,1
3155,85-125 A,1
3156,TR-0N/3,1
3157,O/L 1SAZ411201R1001-T1 ABB,1
3158,POWERsupply'KAMPF'SB202,1
3159,E5833 TRS8A,1
3160,20X32X47 MM,1
3161,CS1W-DRM21-VI,1
3162,LCD,2
3163,3VL2716-2SP36-0AB1,1
3164,XCK-M121,1
3165,TRANSFOR,1
3166,E2P,1
3167,PLUSE INPUT MODULE,1
3168,VAS355DS-42Z,1
3169,ISOLATE TCA10 A211-623E,1
3170,LSB-L110,1
3171,O/L 1SAZ321201R2003-T1 ABB,1
3172,"170M6166 ""BUSSMANN""",1
3173,LT DRIVE MOTOR ZBA132AL4 COMPLETEPM16(5),1
3174,EP14   [ZN],2
3175,M24X20X250,1
3176,CONTROL BOARD,1
3177,6SL3120-1TE32-0AA0,1
3178,PYF 14 A-E,1
3179,LAMPqcs'ABB'85870001,1
3180,AF100  [w],1
3181,"170M1564 ""BUSSMANN""",1
3182,URGE PROTECT,1
3183,MM2XP ,1
3184,30311SE,1
3185,OMRON [8],2
3186,A6D400R,1
3187,350A,2
3188,ENE1331-0,1
3189,100AT,1
3190,CARD MODULE PIM-AH REMOTE INPUT {ZN},1
3191,A50P300,1
3192,25-45 A,1
3193,3RV1021-1JA10,1
3194,TTF401393AH80,1
3195,ãªéäÁèä´é{9},1
3196,CPU,1
3197,250 V,14
3198,10X26X10 MM  [5],1
3199,6SL3320-1TE36-1AA0,1
3200,P2CF-11,1
3201,OMRON [wo],1
3202,SIEMENS WP3,1
3203,1000 V,4
3204,3TF-5422-OXP,1
3205,YASAKAWA,3
3206,CARD INPUT,2
3207,EG300,1
3208,AAI841 S03/A4S00,1
3209,TARZANTNE3A,1
3210,RELAY CARD PROTECT SPAJ 140C,1
3211,O-RING,3
3212,JZMSZW20-1 (0.5M)  [ZN],1
3213,POWERsupplyFPUdcs'METSO'A413340,1
3214,FC6409155A,1
3215,AIR,1
3216,SAMI1000,2
3217,MEMORY SUBMODULE,1
3218,OMRON(8),1
3219,3TX7402-3[ZN,1
3220,250 VAC,6
3221,37LDER CAP PRIFILTER ENDA613,1
3222,SMART LINE MODULE 6SL3353-1AE41-7FA0,1
3223,SW05,1
3224,24,2
3225,NF630-SP,1
3226,ASSY,1
3227,300A,2
3228,IZUMI [SD],1
3229,MY2ZND2TU,1
3230,AZL23.00A9 [8],1
3231,220 VDC,1
3232,MS4SAAP,1
3233,380V AND 660 V,1
3234,CARD QCS,4
3235,3SB1201-OACO1,1
3236,RELIANCE      [wo],1
3237,XS1M18KPM40,1
3238,CABLE ,1
3239,emx6EP14  [ZN],1
3240,MPK111,1
3241,TR5R,1
3242,160V,1
3243,3SV5130-OFZ  ,1
3244,6DD16881AAO,1
3245,EUJ 01,1
3246,emx7EP14 [ZN],1
3247,SIEMENS [5],6
3248,3RT1066-6AP36,2
3249,COIL BRAKE,1
3250,ERZA32E   [ZN],1
3251,OMRON  [ZN],2
3252,32x45x10MM.(ZN),1
3253,F3-1/8TAFN,1
3254,SIEMENS [SD],1
3255,95 MM2,1
3256,CONTROLLER ZC4081 CAN CONTROLLER MODULE,1
3257,205 A,1
3258,AI CARD,1
3259,16X20X35 MM  [5],1
3260,LOCKOUT 3TY5693-0A,1
3261,SUS 1.44  [5],2
3262,MC160 6A,1
3263,CARDdcsGDC'METSO'A413036,1
3264,TOTALINE,1
3265,SAMI 500F660,1
3266,DOUBLE CURRENT KDST280/25,1
3267,BELT,1
3268,K40E,1
3269,CONTROL CARD,4
3270,24 KV,1
3271,T2H,2
3272,46030,1
3273,24-250 VDC,1
3274,SM16CXC190VR,1
3275,VZ2150-4MZ,1
3276,Z-15 GW4-B,1
3277,6001 3977 0,1
3278,150V,1
3279,QS303E,1
3280,DCS,119
3281,125 VDC,4
3282,KR45391 ,1
3283,RH18/2.2,1
3284,POWER SUPPLY UNIT,2
3285,SIBA,3
3286,(-500)-500,1
3287,6ES7332-5HD01-OABO,1
3288,"170M5810 ""BUSSMANN""",1
3289,4-6,1
3290,LY3ZN D3,1
3291,B22622,1
3292,SAFT 136 CTS,2
3293,LC1D65008,1
3294,400 V ,1
3295,MOTOR CHOCK,1
3296,18-22 A,1
3297,PBA 300F-24C,1
3298,"1/2 """,1
3299,TIF401390AH65,1
3300,JAMSC-B2914V,1
3301,SKKT92/14,1
3302,WIRE TENSION LOAD CELL SLC-1009A,1
3303,2-1/2 X1/8 W EMOIII  VITON ¹»·.,1
3304,FLOW CONVER,1
3305,3BSE008316R1,1
3306,VL202A08R1002,1
3307,20A   {ZN},1
3308,S83100812A,1
3309,RH18/2.2MP,1
3310,46S02928-1030 [ZN],1
3311,CAPACITOR,7
3312,0.691 A,1
3313,200A,1
3314,E2EX8MD1,1
3315,220V+15Vschrofe,1
3316,46933244,1
3317,CARDdcsCPU'METSO'319025320,1
3318,109S302,1
3319,12 KV,2
3320,RELAY (RELECO),1
3321,3.2AD:6x12x19mm,1
3322,TEMPORARY BELT 720M8,1
3323,30A600V,4
3324,75 A,1
3325,BREAKER CIRCUIT 1SDA054335R1-T PM17,1
3326,380/415 V,3
3327,PLVS700 [wo],1
3328,RECTIFIER,15
3329,5,4
3330,LAMP REFLECTOR,2
3331,ETV700 0-600C,1
3332,DEMAG,3
3333,GASKET,2
3334,MAGNETIC CONTAC 1SBL321001R8010-T1,1
3335,TELEME CANIQUE,1
3336,DM902CA,1
3337,POWER CIRCUIT BREAKER 9-14A 3PPM16(5),1
3338,63-630A,1
3339,CARD F-1,1
3340,250V,2
3341,XEN-L1121 (NC),1
3342,JOGBC02,1
3343,010V4-20MA24VDC4W,1
3344,82233,1
3345,ANALOG OUTPUT MODULE,1
3346,DRIVE POWER,1
3347,BINARY OUTPUT,1
3348,PILOTlamp'',1
3349,1.3A   [ZN],1
3350,G85F29973-2    [ZN],1
3351,3UA62003L,1
3352,COM REF,4
3353,SEMIKRON  [ZN],1
3354,BUSHING''DIN10I/630,1
3355,PRO,3
3356,LC1-D258D7,1
3357,ORING'HORIBA'ENDA613,1
3358,630 A,7
3359,GOP G2000,1
3360,RH18/3MP,1
3361,SHINKAWA [8],1
3362,ONNO    [ZN],1
3363,AUTOMATICPM16(5),5
3364,MS 65 HV,1
3365,EK083S,1
3366,TWISTED PAIR TRANS. 'ALLIED' AT210TS,1
3367,FUSE NH LINK 2 FF 500A 690,1
3368,SM18CXC924/YP,1
3369,BULB LOADMETER'',1
3370,6ES7322-1BH01-0AA0,1
3371,METSO AUTO [5],1
3372,S:63,1
3373,220VacwithBRACKET,1
3374,CA 510,1
3375,SHAWMUT,1
3376,TMY4 ,1
3377,ABB  [5],11
3378,SIEME *UR,1
3379,3RP2505-1BW30,1
3380,SN-65,1
3381,5SL6110-7,1
3382,32 MFD,1
3383,1.7-2.7 A,1
3384,  ,1
3385,''VAHLE'',1
3386,F2-1/8TA-VN-G(N) [SD],1
3387,SURGEsuppressor'SIEMENS'3EF10720  [ZN],1
3388,FUJI ELECTRIC,1
3389,MITSUBISH PM1,3
3390,  {ZN},29
3391,SW.FUSE 1SCA022726R8380-T ABB,1
3392,FUSE HRC LINK OFAF0H160,1
3393,3TH20 22-OMB4,1
3394,IA 0004 IA-2010-ABOA,1
3395,CPU BATT CHARGER CARD,1
3396, {wo},3
3397,XSAV11373,1
3398,70- 150 MM2,1
3399,MCC225-16I01,1
3400,SHAFT (FRONT),1
3401,3UA6200-2W,1
3402,RELAY MOTOR PROTECTION REM615 ABB,1
3403,FCU MOTOR,3
3404,JAMSC-B2701V,1
3405,IG 4330U WITH FAN SENOR,1
3406,086385-001,1
3407,SLEEVE,1
3408,OK 1,1
3409,TH-T25KP,1
3410,MCC162-16I01,1
3411,CARD GATE FIRE,1
3412,12 A,1
3413,BRUSH HOLDER,26
3414,AIP601,1
3415,CARDdcsMODbusINTERFACE'ABB'CI534V02 [5],1
3416,13-SC,1
3417,D202593 [SD],1
3418,OMRON  [SD],2
3419,(2X8)X40X40B [8],1
3420,TERMINALpower''p.534600,1
3421,CMS116,1
3422,LC1-D12D7,1
3423,BUSSMAN (10PCS/¤Ã [5],1
3424,400/5A252A,1
3425,HI-300E,1
3426,TR-40-1E 15 KW  ,1
3427,SPCJ4D29,1
3428,CARD QCS CPWR,1
3429,RELIANCE  {ZN},1
3430,MCRCI/UOE รอ{9},1
3431,CT'KWK'GSA260/1500,1
3432,RELI [8],3
3433,Auto Stratcher Panel OP 000308386,1
3434,2823625,1
3435,7022AC,1
3436,COMP.R-407C-56700,1
3437,QM 150 HY-2H,1
3438,550 A,1
3439,SIEMENS [8,1
3440,TT330N16KOF,1
3441,SSX4216-7,1
3442,PBA75F-24-CN,1
3443,ID#D100789,1
3444,VI702,1
3445,SIEMENS   [ZN],6
3446,A30-30-11 (F2),1
3447,MOTOR(5,1
3448,ACN MRG2,1
3449,25-8,1
3450,225 A,1
3451,{8/w},3
3452,CDMRZ3,1
3453,32X16X50 MM,1
3454,G1552PDE-S444,2
3455,CPU60 {ZN},1
3456,LC1-D2501,1
3457,TELEME  [5],1
3458,TOSHIBA  [8],2
3459,ZX-EM07MT,1
3460,XW2B-40J6-4A,1
3461,220-240,1
3462,3VT6200-0DT00,1
3463,ABN110 B,1
3464,KYOSAN,1
3465,1 NC,1
3466,3RV1331-4EC10(15KW),1
3467,S9095KF ,1
3468,D:100mm,1
3469, PB14 [ZN],1
3470,TIMING,1
3471,SERIALBUSCONTROLLER,1
3472,P0400HH,1
3473,E3Z-LS61,1
3474,3RV1031-4HA10(11,1
3475,CP213,1
3476,MC 204 TRIO MOTION CONTROLLER(5),1
3477,6ES7 272-0AA30-OYAO,1
3478,24-48 VDC,1
3479,ALE111-S50,1
3480,2-3.2 A,1
3481,6ES5 524-3UA15,1
3482,660 VAC,4
3483,3TH80 31-OXPO,1
3484,LRD07,1
3485,XB4-BVB3,1
3486,Cable   [ZN],1
3487,DIODE''TT56N14KOF25C0,1
3488,O/L 1SAZ421201R1003-T1 ABB,1
3489,3RT1065-6PA36,1
3490,CARDdriveANALOGi/o 57405-E     {ZN},1
3491,MITSUBISHI WP1,1
3492,SERVO,3
3493,C200HW-PA204 &POWER SUPPLY,1
3494,6SY70000AA34,1
3495,ASCO,1
3496,FAN STAGE C74451-A1629-A1,1
3497,S421632,1
3498,MOTION CONTRO.MELSEC Q173,1
3499,AP8M122GNP,1
3500,TRS5R,1
3501,EP14    [9],1
3502,2A,2
3503,  [8],2
3504,UF3-230VAC1,1
3505,CARD NPUT,1
3506,HS7K.01(NC),1
3507,SC-3N,1
3508,{3PC/PACK}  [N],1
3509,LIMIT SWITCH 110A VAL0337632,1
3510,OMRON [5],3
3511,11-16 A,1
3512,DIODE''6ZY10301AAOO,1
3513,MITSUBISHI  ซ้ำ [8],2
3514,PB8,1
3515,CARD RELAY OUTPUT,1
3516,LINDNER,1
3517,"SHIM WASHER ''A15712""",1
3518,3TH2031-OBF4,1
3519,ACS150-01E-02A4-2,1
3520,65-95A,1
3521,MOTORDCspringCHARGE'',1
3522,MYQ-2N,1
3523,15A.,4
3524,HRC,1
3525,24 VDC PM1,1
3526,3NE1813-0 (3PCS/PACK),1
3527, 1NO,1
3528,JBAM -D020,1
3529,SK-125,1
3530,«éÓãªé75035030405,1
3531,NDZ/GLE16,1
3532,H-A16SS [4PC/ครั้,1
3533,E3JK-R2S3,1
3534,BREAKER CIRCUIT 1SDA051218R1-T ABB PM17,1
3535,7556X,1
3536,MITSU PM3(5),1
3537,70-1-0000000926 {ZN,1
3538,KADANT U.K.,1
3539,APN116G,1
3540,A95 30 11,1
3541, [9],1
3542,3RT1035-1APOO,1
3543,3RV1901-1D [5],1
3544,600 V,18
3545,PLC,134
3546,S9061KF ,1
3547,    {8/wo},1
3548,HP,1
3549,0.29-(5),1
3550,4G4,1
3551,'6XC9844OJF60,1
3552,PM#4 {ZN},1
3553,101560-003,1
3554,SIMATIC,1
3555,POWER BLOCK # 6SL3352-1AG37-4DA1,1
3556,3UA5040OJ,1
3557,FUJI WP3,1
3558,110VDC FOR SF6(8),1
3559,DC PS 2866763,1
3560,PHOENIX 2832632,1
3561,FUSE''P413,1
3562,DC DRIVE  (INVERTER),1
3563,SOCKET,6
3564,MITSUBISHI [8],1
3565,ABB(8),5
3566,536601,1
3567,FIBER OPTIC,1
3568,16X20X33 MM,1
3569,A5C34439[N],1
3570,086362-001,1
3571,A1SD71-S2,1
3572,YUKEN      [9],1
3573,861900220,1
3574,450 A,3
3575,POWERSUPPLYweigtSCALE'230871,1
3576,INVERTER ALTIVAR ATV71HU75N4Z,1
3577,100 WATT [5],1
3578,FUSE Link-SICHERUNGSEINSATZE'250vS:5x20,1
3579,CP/1DNV/I,1
3580, {w},2
3581,CT DRIVE MOTOR ZBA 100 AL4,1
3582,FPC1-6X75,2
3583,ELEC REGULATOR,2
3584,CAPACITOR'CLEANERoy'P/N531148EMC1,1
3585,PKNM-32/1N/C/003,1
3586,TT54304529AH50,1
3587,{9/8},2
3588,ELEMENT,1
3589,508 (20 PCS/PACK),1
3590,3TH2031-OBB4,1
3591,3TF2080-OBF4,1
3592,E2EH-X7D1-T 2M,1
3593,"170M6813 ""BUSSMANN""",1
3594,JPDCP028,1
3595,KUP14A5,1
3596,200/5A25 [8,1
3597,BOARD,3
3598,CARDdriveCONTROLLER 57C406  {ZN},1
3599,70 - 120 SQ.MM,1
3600,dcsSUBCARRIER'ABB'SC520,1
3601,800/5A25KA,2
3602,3NA5-820,1
3603,EH-160,1
3604,EHK 1018603350,1
3605,A12-30-11 (F1),1
3606,ALLEN BRADLEY  {ZN},1
3607,SN-300,1
3608,LS5K4,1
3609,2.4-3.6A,1
3610,DA4-LM0422RA,1
3611,BLA010,1
3612,EXTERNAL NEUTRAL CT.1SDA038276R1(8),1
3613,FUSE ,3
3614,SIMODRIVE  [ZN],1
3615,JBAM-X004.0,1
3616,3P,1
3617,3RG-4012-OKB00,1
3618,1756-IA16,1
3619,BST001,1
3620,P637791,1
3621,TELE      [5],1
3622,RHEOSTAT,1
3623,SM18CXC805TU,1
3624,SIEMENS  ÃÍspec[9],1
3625,3UA62403H,1
3626,3GD1201,1
3627,"TRANSDUCER _V ""CEWE"" DU02 I110V O4-20MA",1
3628,WIRELESS SLAVE,1
3629,PASABAN (MONTELEC),1
3630,20-0094-00,1
3631,POWERSUPPLY HV SPTU240R3RS941022AA,1
3632,CELLWOOD,1
3633,C200HW-BC101-V1 [wo],1
3634,CS5F-800,1
3635,3TH2262-OBF4,1
3636,NPS0008-D1,1
3637,FUSELowpeak'',2
3638,FUSE NH LINK OOOFF 63A690,1
3639,FUSE'GOULD'SC30303,1
3640,3RT1065-6AP36,1
3641,804096 CTL3-12V,1
3642,L40W32T16mm PM3,1
3643,POWER CARD JUNCTION TYPE,2
3644,8930/1,1
3645,MOTOR(5),1
3646,240V1A   [ZN],1
3647,1SAJ929500R0310-T,1
3648,LM80B/30A ,1
3649,(125V/1A 50P) [8],1
3650,''WLCL''NEMA A600,1
3651,3RV1021-1HA10,1
3652,3NA3820,1
3653,SN65,1
3654,HI-30E,1
3655,NF1200RB,1
3656,MOUNTING,1
3657, BACKHOFF,2
3658,DC,3
3659,125VDC,2
3660,315V,1
3661,LA1D40 (LADN40),1
3662,LC1-F150 WITH COIL ��ԡ��Ե[8],1
3663,TOSHIBA [8],1
3664,I800L-154,1
3665,706364-52RD,1
3666,0.24-0.4 A,1
3667,SHUNT CLOSING RELEASE,1
3668,DML-305S,1
3669,FUSE HRC LINK OFAF000H32,1
3670, KADANT UK,1
3671,3NO+2NC,1
3672,6SC9844OJF10,1
3673,YOKOGAWA  [5],1
3674,JAMSC-B2700,1
3675,JRMSP-PS 62V,1
3676,GOULD,1
3677,SI11*B,1
3678,1 P,2
3679,BASE UNIT MELSEC Q35SB,1
3680,TTC6400537AH50,1
3681,AI810,1
3682,RELIANCE  [w,1
3683,330130-040-01-00,1
3684,ORING',1
3685,CARD,55
3686,ALN2G611 R,1
3687,TOSHIBA  [ZN],1
3688,DC DRIVE JPDC-C022,1
3689,170M4770,1
3690,ALR111-S50,1
3691,3UA5940-1D,1
3692, QCS,3
3693,DRIVE CARD-AMP ISOLATION,1
3694,ENE1803-0,1
3695,7AT,1
3696,BREAKER CIRCUIT 1SDA050955R1-T ABB PM17,1
3697,CS1W-OD231,1
3698, OMRON,1
3699,200-220,1
3700,LC1 D32 D7,1
3701,FOR 50400  {ZN},1
3702,4.9X7.5X1  {8/w},1
3703,RELAYcontact'AEG'SH0422E,1
3704,41990452H,1
3705,3RV2342-4KC10,1
3706,LC1D09F7,1
3707,150X210&182X170    [ZN],1
3708,3RG 4023-OK00,1
3709,BREAKER CIRCUIT 1SDA051000R1-T ABB PM17,1
3710,7.5 HP/5.5 KW.,1
3711,E2E-X8MD2,1
3712,8,1
3713,DEAD BAND PCB,1
3714,1.6-2.5,1
3715,LINDNER(5),1
3716,DYNAMIC MEM  {ZN,1
3717,CARD TEMP,3
3718,BREAKER,157
3719,INTERFACE CARD,1
3720,STEGMANN,1
3721,SENSOR,5
3722, 220/240VAC.,1
3723,A70P400    [8],1
3724,120 VAC,1
3725,PULSE GENERATOR,4
3726,1000/  [ZN,1
3727,30-40 A,3
3728,3TY75400A,1
3729,30303,1
3730,110/125 VAC,2
3731,KEYBOARD USB,1
3732,BASE UNIT MELSEC Q38B,1
3733,300V,1
3734,SURGEproctection'SIEMENS'117/3PRF03  [ZN,1
3735,LR2 D13,1
3736,IIA3010 LBPOG,1
3737,REEL,1
3738,FUJI  {w},2
3739,A15426,1
3740,NX-71 RD,1
3741, MEK2300,1
3742,COSEL  [8],1
3743,P0700KN,1
3744,BASIC LINE MODULE 6SL3353-1AE41-5DA1 [SD,1
3745,G85F29447E [ZN,1
3746,47LV-102R-M2,1
3747,AC-PIN-41C/48C-COAT,1
3748,PROTECTION RELAY,1
3749,MYA-LB12,1
3750,FAN,13
3751,20A,3
3752,TRANSDUCER MW,1
3753,3TF53 22-OAPO,1
3754,YOKOGAWA [SD],1
3755,FUSE HRC LINK OFAF3H800,1
3756,6SE70317HF841HHO,1
3757,POWER CIRCUIT BREAKER 25-4 3PPM16(5),1
3758,YOKOGAWA [8],1
3759,POWER MODULE,1
3760,  {9},1
3761,63TO90A(5),1
3762,CIRCUIT,1
3763,DM,1
3764,EPKJ 3251 [N],1
3765,FUSErapid'',1
3766,3RP157624,1
3767,3RV1321-OFC10,1
3768,3VE1000-2D,1
3769,INVERTER ACS800-04-0075-3,1
3770,PROCESSOR CARD,1
3771,0.5 A,4
3772,M SCHNEIDER,1
3773,SHUNT''532610,1
3774,CT'SIEMENS'4MA72XC12/28/75KV,1
3775,.7051.121.50,1
3776,DIODE BRIDGE RECTIFIER IN220V OUT310 [9],1
3777,RH18/4,1
3778,470MF PM.8,1
3779,125,2
3780,YASKA,1
3781,MOTOR'MULLER'1.5HP 4pole 220V/380V  [w],1
3782,METSO AUTOMATION,1
3783,ETHERNET I/F CARD,1
3784,400 A  ,1
3785,S421908,1
3786,SWITCH STOP,1
3787,ALLEN BRADLEY {ZN},2
3788,6-10 A  àÅÔ¡¼ [9],1
3789,LC1D18M7,1
3790,32X16X40 MM {ZN},1
3791,YASKAWA[SD,1
3792,3VL5750-2SS36-OAC1,1
3793,BREAKER CIRCUIT 1SDA051220R1-T ABB PM17,1
3794,FUSE HRC LINK OFAF2H315,1
3795,8200,1
3796,ID 8 MM,1
3797,6SC9844OJHOO,1
3798,COSEL withSupportset,1
3799, (2)10 X 32 X 37 MM.,1
3800,SAMI,1
3801,690 RPM(5),1
3802,GEAR CYCLO DRIVE,1
3803,220Vac,2
3804,K10133 [5],1
3805,GOVERNER CIRCUIT BOARD TG.7(ZN),1
3806,10X32X32 MM [5],1
3807,CARD PIC,1
3808,TRANSISTOR,5
3809,PROTECT CARD,1
3810,63A,4
3811,HITACHI [5],1
3812,PLC POWER,1
3813,O/L 1SAZ321201R2005-T1 ABB,1
3814,APKT 24B1XI,1
3815,CT'SIEMENS'4MA71XC24/50/125KV,1
3816,6KA,2
3817,AC3-00YQ-00,1
3818,MITSUBISHI [5],2
3819,3RV1021-1GA10(1.1KW)[5,1
3820,CU,2
3821,CS5F-600,1
3822,BOARD ARTICLE NO.61058 MODEL DGC-1 [ZN],1
3823,VALVE,1
3824,80402048 CTL3-12V,1
3825,690 V,4
3826,POWER SUPPLY EL9400,1
3827,SPAU140C  [5],1
3828,JAMSC-IF64 V,1
3829,60A,1
3830,24-34A,1
3831,BUSHING''DIN1/3150,1
3832,QBFD-M080B,1
3833,7SJ6021-5EB20-1FAO,1
3834,CARDpowerSOURCE''G85F295712,1
3835,XCK-M115,1
3836,AK4022 ANALOG MODULE F/PM3,1
3837,3RT1476-6AP36,1
3838,FERRAZ SHAWMUT,1
3839,BREAKER CIRCUIT 1SDA054405R1-T ABB PM17,1
3840,YASKAWA [w],4
3841,DDSCR-GL60S2V,2
3842,ALN-22211DN-R,1
3843,SF1710,1
3844,RDCU-02C(8),1
3845,3RT1036-1AP04,1
3846,THYRISTOR 'YASKAWA',1
3847,GUSW 100   [ZN],1
3848,220V. 27/25W. ,1
3849,NF50H,1
3850,3BSE008514R1,1
3851,291579A,1
3852,PHOENIX,2
3853,PINION,1
3854,"MOULTITOUCH 12"" WITH ETHERNET",1
3855,SIEME,1
3856,17(5),1
3857,SIBA(5),1
3858,GE,1
3859,250 V AC,1
3860,SBC-32 A413052,1
3861,370 X 145 MM,1
3862,SIEMENS,156
3863,SKN 4/40-1,1
3864,41990451C,1
3865,GOULD (10PCS/PACK)[5,1
3866,ER2130SDB ,1
3867,9-13 A,3
3868,3BSE008538R1,1
3869,CONTACTOR,202
3870,AF400-30-11 (F7),1
3871,POTENTIAL TRANSFORMER,1
3872,QCS 'METSO' A416100   [ZN],1
3873,PHOTOELECTRIC MLV11-54-LAS/47/12,1
3874,800 A,3
3875,RELAY  ,2
3876,BRAKINGunit''CDBR2015B,1
3877,3RV1021-0JA10,1
3878,3SE30001A,1
3879,CONTROL PANEL6SC9837OKA01 [ZN,1
3880,256,1
3881,CARD CPU,2
3882,NI4-M12-AP6X-H1141,1
3883,H7EC-NFV,1
3884,20-140 C,1
3885,600A,2
3886,BEARING SHAFT,1
3887,500/300V,1
3888,GOULD SHAW [ZN,1
3889,HS7K.10(NO),1
3890,1473A1600V,1
3891,MAGNETIC CONTAC. 1SBL141001R8010-T1,1
3892,ACCURAY  [ZN],2
3893,NETWORKadapter'METSO'A413227,1
3894,CARD MODULE RIOH-TL REMOTE I/O  {ZN},1
3895,PUSEN,1
3896,A110 30 11,1
3897,RI58-D/2048 EF.47 IF,1
3898,SEW-EURODRIVE,1
3899,E3S-ATII,1
3900,7.2/3KV,4
3901,250 OHM (only),1
3902,1.5-6 MM,1
3903,AC3-IOZM-00-00-C   [ZN],1
3904,IEMENS,1
3905,CARD dcs 'ABB' DI821/3BSE008550R1,1
3906,LOAD BREAK SWITCH,3
3907,D-14505),1
3908,WICKMANN,1
3909,MVI3BUP00119,1
3910,SD823 POWER SUPPLY 10A,1
3911,TOGGLE,2
3912,2P4MP5Z,1
3913,FUSE HRC LINK 1SCA022627R0740-T ABB,1
3914,SCHNEIDER,4
3915,Q0316VSC6T,1
3916,CARD FBM26 125VDC IN/OUT,1
3917,CARD MODULE POM-RBH REMOTE,1
3918,RELIANCE,6
3919,2 W,1
3920,6SE7090-OXX84-OAFO,1
3921,2.1/2,1
3922,CAN TERMINAL PLUG 3POLE,1
3923,'6SC98114DA04,1
3924,1.3 A,1
3925,8-12A,1
3926,3SB1400-OB,1
3927,TRANS,1
3928,(2X8)X25X40  [8],1
3929,COLORpumPM5,1
3930,086339-001,1
3931,45M60 FOR DC 125V,1
3932,6SL3120-1TE24-5AA1,1
3933,E3R-5E4,1
3934,POWER INTERFACE ,1
3935,2.2-3.2AT,1
3936,CARDdcsSERIALsubMODULE'ABB'CI532V09,1
3937,CALBLE CARRIES,1
3938,RESISTOR,6
3939,78095-60A,1
3940,IOR1  ,1
3941,BEARING FRONT SHAFT,1
3942,SYLVANIA OGS,1
3943,32X25X47 MM  [5],1
3944,"217/8""EMOIII",1
3945,NF125HW,2
3946,OES (10 PCS/BOX),1
3947,A219675J,1
3948,RS232 I/F CARD,1
3949,700A,1
3950,100V,3
3951,P7211,1
3952,YAMATAKE,2
3953,1.7-2.5 A,1
3954,D200535,1
3955,3VU1340-1MJ00,1
3956,11  [8],1
3957,706364-11G,1
3958,DISCONNECT,5
3959,ROTOR,3
3960,BARREL'LG'C14326,1
3961,P/N 218-A-634-G01 (8),1
3962,MY4ZN-CR,1
3963,DISP CARD,1
3964,TERMINATION,7
3965,CARD FBM010-20MA INPUT MODEL:P0400DA [8],1
3966,AH718059 11203N,1
3967, 12-24VDC,1
3968,XB4-BJ33,1
3969,202109,1
3970,MB100-S,2
3971,75/    [ZN],1
3972,ITH6KA7.2/3KV,1
3973,3SB1201-OAE01,1
3974,CX2020-0112  [5],1
3975,6ES7 214-1BD23-0XB0,1
3976,803456-21T {ZN},1
3977,    {ZN},4
3978,NPSASM20B,1
